标题,图片,分类,二级分类,原价格,现价
iQOO Neo7 SE 5G新品 16+256G 电子蓝 天玑8200+120W闪充+5000mAh大电池 6.78英寸柔性直屏 6400万超清主摄 立体双扬+红外遥控+NFC天玑 8200丨120W 超快闪充,https://imgservice4.suning.cn/uimg1/b2c/atmosphere/wNSMUuLZHi6v7baIfk1yNQ.png_400w_400h_4e,电子数码,手机,"¥2,144.01","¥1,815.00"
iQOO Neo7 SE 5G新品 12+256G 电子蓝 天玑8200+120W闪充+5000mAh大电池 6.78英寸柔性直屏 6400万超清主摄 立体双扬+红外遥控+NFC天玑 8200丨120W 超快闪充,https://imgservice4.suning.cn/uimg1/b2c/atmosphere/dCr_LKIX3Fma484cuWoA6w.png_400w_400h_4e,电子数码,手机,"¥2,204.82","¥1,992.00"
iQOO Neo7 SE 5G新品 12+512G 电子蓝 天玑8200+120W闪充+5000mAh大电池 6.78英寸柔性直屏 6400万超清主摄 立体双扬+红外遥控+NFC天玑 8200丨120W 超快闪充,https://imgservice4.suning.cn/uimg1/b2c/atmosphere/q74rEH62O1yjEf8DYAjJsw.png_400w_400h_4e,电子数码,手机,"¥2,409.73","¥2,012.00"
iQOO Neo7 SE 5G新品 8+256G 电子蓝 天玑8200+120W闪充+5000mAh大电池 6.78英寸柔性直屏 6400万超清主摄 立体双扬+红外遥控+NFC天玑 8200丨120W 超快闪充,https://imgservice4.suning.cn/uimg1/b2c/atmosphere/5xKUmJRKotF5b-VboeK2Wg.png_400w_400h_4e,电子数码,手机,"¥2,037.67","¥1,876.00"
移动联通电信4G 康佳U17全网通 支持WiFi 安卓系统 支持热点 2.4屏 大字大声持电子书 支持收音机 男女款功能大按键 典雅金老人机超长待机老年机4G移动联通电信版三网通大屏大字大声男女款功能大按键小手机,https://imgservice4.suning.cn/uimg1/b2c/image/F7079F5zIec1a48w2pSfag.jpg_400w_400h_4e,电子数码,手机,"¥2,762.82","¥2,038.00"
iQOO Neo7 SE 5G新品 8+128G 电子蓝 天玑8200+120W闪充+5000mAh大电池 6.78英寸柔性直屏 6400万超清主摄 立体双扬+红外遥控+NFC天玑 8200丨120W 超快闪充1,https://imgservice4.suning.cn/uimg1/b2c/atmosphere/1UnL1F0luBUL7WfqnDQxRg.png_400w_400h_4e,电子数码,手机,"¥2,018.78","¥1,953.00"
[全国联保]iQOO Neo7 SE 16GB+256GB 电子蓝 全网5G 天玑8200处理器 柔性直屏 120W超快闪充 多重散热 6400W高清主摄 5G手机vivo官方正品120W闪充，柔性直屏 天玑8200处理器,https://imgservice4.suning.cn/uimg1/b2c/image/Bj0rsBfRzjEgHCYs6mx9dg.jpg_400w_400h_4e,电子数码,手机,"¥2,022.04","¥2,080.00"
"读书郎A1儿童电话手表4G全网通小学生防水防尘智能电话运动型可插卡中学生多功能表男女孩童青少年智能机暖枫红ips屏 , 防水 , 蓝牙，男女款可选",https://imgservice2.suning.cn/uimg1/b2c/image/z0O1js20XggSshpctY8Nbg.jpg_400w_400h_4e,电子数码,手机,"¥2,090.22","¥2,077.00"
"读书郎A1儿童电话手表4G全网通小学生防水防尘智能电话运动型可插卡中学生多功能表男女孩童青少年智能机雾霭蓝ips屏 , 防水 , 蓝牙，男女款可选",https://imgservice2.suning.cn/uimg1/b2c/image/MNdmXop6gEqWlTTUhaGMmA.jpg_400w_400h_4e,电子数码,手机,"¥2,970.80","¥2,049.00"
海信 Q5 平板手机 大屏手机 10.5英寸 RLCD屏 60Hz高刷类墨水屏 八核 4G+64G 全网通 4G LTE版 电纸书 阅读器 电子纸 网课学习 商务办公平板电脑支持通话 墨水屏平板,https://imgservice2.suning.cn/uimg1/b2c/image/CgqEoiCcffjwNwh-WcB7VA.png_400w_400h_4e,电子数码,手机,"¥2,574.88","¥1,932.00"
Hisense/海信 A9 羽墨 6+128G 墨水屏阅读手机 HiFi音质 高刷新6.1英寸300PPi 阅读手机全新正品,https://imgservice2.suning.cn/uimg1/b2c/image/5nYMqsHDA08Uxv3g7b3unQ.jpg_400w_400h_4e,电子数码,手机,"¥2,896.89","¥1,816.00"
Hisense/海信 A9 羽墨 4+128G 墨水屏阅读手机 HiFi音质 高刷新6.1英寸300PPi 电子书阅读器 电纸书全新正品,https://imgservice2.suning.cn/uimg1/b2c/image/cdzX-EHwz7PyE7E9Vcivew.jpg_400w_400h_4e,电子数码,手机,"¥2,072.60","¥2,093.00"
[全国联保]iQOO Neo7 SE 8GB+128GB 电子蓝 全网5G 天玑8200处理器 柔性直屏 120W超快闪充 多重散热 6400W高清主摄 5G手机vivo官方正品120W闪充，柔性直屏 天玑8200处理器,https://imgservice4.suning.cn/uimg1/b2c/image/XMRtthGngluSr0m8Uf9PZw.jpg_400w_400h_4e,电子数码,手机,"¥2,966.96","¥1,842.00"
[全国联保]iQOO Neo7 SE 8GB+256GB 电子蓝 全网5G 天玑8200处理器 柔性直屏 120W超快闪充 多重散热 6400W高清主摄 5G手机vivo官方正品120W闪充，柔性直屏 天玑8200处理器,https://imgservice4.suning.cn/uimg1/b2c/image/A3O6mlQqcDOC8wZKQEYnEA.jpg_400w_400h_4e,电子数码,手机,"¥2,763.39","¥1,863.00"
[全国联保]iQOO Neo7 SE 12GB+256GB 电子蓝 全网5G 天玑8200处理器 柔性直屏 120W超快闪充 多重散热 6400W高清主摄 5G手机vivo官方正品120W闪充，柔性直屏 天玑8200处理器,https://imgservice4.suning.cn/uimg1/b2c/image/KHbGuXwyhhiwipECOZvOrA.jpg_400w_400h_4e,电子数码,平板电脑,"¥2,503.17","¥2,054.00"
[全国联保]iQOO Neo7 SE 12GB+512GB 电子蓝 全网5G 天玑8200处理器 柔性直屏 120W超快闪充 多重散热 6400W高清主摄 5G手机vivo官方正品120W闪充，柔性直屏 天玑8200处理器,https://imgservice4.suning.cn/uimg1/b2c/image/uBl-i9q1eK14-Y_TYeff_Q.jpg_400w_400h_4e,电子数码,平板电脑,"¥2,363.81","¥1,849.00"
vivo iQOO Neo7se 12+512GB 电子蓝 天玑8200+120W闪充+5000mAh大电池 6.78英寸柔性直屏 6400万超清主摄 立体双扬+红外遥控+NFC天玑8200芯片 120Hz柔性屏 120W快充,https://imgservice5.suning.cn/uimg1/b2c/image/Y802ZrlJBt1bYacpJNpVmg.jpg_400w_400h_4e,电子数码,平板电脑,"¥2,351.61","¥1,838.00"
vivo iQOO Neo7se 16+256GB 电子蓝 天玑8200+120W闪充+5000mAh大电池 6.78英寸柔性直屏 6400万超清主摄 立体双扬+红外遥控+NFC天玑8200芯片 120Hz柔性屏 120W快充,https://imgservice5.suning.cn/uimg1/b2c/image/7help4kFjWnoRsy10EleRg.jpg_400w_400h_4e,电子数码,平板电脑,"¥2,213.82","¥1,863.00"
vivo iQOO Neo7se 12+256GB 电子蓝 天玑8200+120W闪充+5000mAh大电池 6.78英寸柔性直屏 6400万超清主摄 立体双扬+红外遥控+NFC天玑8200芯片 120Hz柔性屏 120W快充,https://imgservice5.suning.cn/uimg1/b2c/image/8RKnP5Bm6d4UonAKRPiMCA.jpg_400w_400h_4e,电子数码,平板电脑,"¥2,535.88","¥1,841.00"
vivo iQOO Neo7se 8+128GB 电子蓝 天玑8200+120W闪充+5000mAh大电池 6.78英寸柔性直屏 6400万超清主摄 立体双扬+红外遥控+NFC天玑8200芯片 120Hz柔性屏 120W快充,https://imgservice5.suning.cn/uimg1/b2c/image/skoRZf7oX-nvuKFSUifsvQ.jpg_400w_400h_4e,电子数码,笔记本电脑,"¥2,600.27","¥1,830.00"
vivo iQOO Neo7se 8+256GB 电子蓝 天玑8200+120W闪充+5000mAh大电池 6.78英寸柔性直屏 6400万超清主摄 立体双扬+红外遥控+NFC天玑8200芯片 120Hz柔性屏 120W快充,https://imgservice5.suning.cn/uimg1/b2c/image/lIWky6JIu5QOnoiOKeSF4A.jpg_400w_400h_4e,电子数码,笔记本电脑,"¥2,018.99","¥2,045.00"
vivo iQOO Neo7 SE 12GB+512GB 电子蓝 天玑8200 120W闪充 120Hz柔性直屏 5G全网通游戏电竞手机天玑8200处理器，120W闪充，等效于5000mAh大电池，6400万OIS超清主摄,https://imgservice3.suning.cn/uimg1/b2c/image/zI7uhoM68JCW6O5QnACCWQ.jpg_400w_400h_4e,电子数码,笔记本电脑,"¥2,866.67","¥2,043.00"
vivo iQOO Neo7 SE 12GB+256GB 电子蓝 天玑8200 120W闪充 120Hz柔性直屏 5G全网通游戏电竞手机天玑8200处理器，120W闪充，等效于5000mAh大电池，6400万OIS超清主摄,https://imgservice3.suning.cn/uimg1/b2c/image/KTQJn0dV7aUbsi1O7kp3AA.jpg_400w_400h_4e,电子数码,笔记本电脑,"¥2,302.49","¥1,973.00"
iQOONeo7SE 12GB+256GB 电子蓝 全网5G 天玑8200处理器 柔性直屏 120W超快闪充 多重散热 6400W高清主摄 5G手机 iQOO Neo7 SE120W闪充，柔性直屏 天玑8200处理器 限购一台,https://imgservice3.suning.cn/uimg1/b2c/image/fJ1iphi5rrG9XyJOTqUYIw.jpg_400w_400h_4e,电子数码,笔记本电脑,"¥2,430.04","¥1,963.00"
iQOONeo7SE 8GB+128GB 电子蓝 全网5G 天玑8200处理器 柔性直屏 120W超快闪充 多重散热 6400W高清主摄 5G手机 iQOO Neo7 SE120W闪充，柔性直屏 天玑8200处理器 限购一台,https://imgservice4.suning.cn/uimg1/b2c/image/kgS81CUt2gTCaAVAPlZqaQ.jpg_400w_400h_4e,电子数码,笔记本电脑,"¥2,203.66","¥1,873.00"
iQOONeo7SE 8GB+256GB 电子蓝 全网5G 天玑8200处理器 柔性直屏 120W超快闪充 多重散热 6400W高清主摄 5G手机 iQOO Neo7 SE120W闪充，柔性直屏 天玑8200处理器 限购一台,https://imgservice4.suning.cn/uimg1/b2c/image/mqpcNzGB4-7lsQPZS98a6w.jpg_400w_400h_4e,电子数码,笔记本电脑,"¥2,694.45","¥1,841.00"
iQOONeo7SE 12GB+512GB 电子蓝 全网5G 天玑8200处理器 柔性直屏 120W超快闪充 多重散热 6400W高清主摄 5G手机 iQOO Neo7 SE120W闪充，柔性直屏 天玑8200处理器 限购一台,https://imgservice2.suning.cn/uimg1/b2c/image/F6hYW3Jcmzn2vKtVWd5aGg.jpg_400w_400h_4e,电子数码,笔记本电脑,"¥2,508.91","¥1,869.00"
iQOONeo7SE 16GB+256GB 电子蓝 全网5G 天玑8200处理器 柔性直屏 120W超快闪充 多重散热 6400W高清主摄 5G手机 iQOO Neo7 SE120W闪充，柔性直屏 天玑8200处理器 限购一台,https://imgservice2.suning.cn/uimg1/b2c/image/ZieWy29ZHGiXB3qdiQ95ow.jpg_400w_400h_4e,电子数码,笔记本电脑,"¥2,276.81","¥1,820.00"
iQOONeo7SE 16GB+256GB 电子蓝 全网5G 天玑8200处理器 柔性直屏 120W超快闪充 多重散热 6400W高清主摄 5G手机 iQOO Neo7 SE120W闪充，柔性直屏 天玑8200处理器,https://imgservice2.suning.cn/uimg1/b2c/image/piPZ42WKDNp1ijtjY3Lc4w.jpg_400w_400h_4e,电子数码,笔记本电脑,"¥2,506.16","¥1,829.00"
金霸王(Duracell)CR2032 纽扣电池 5粒装 3V 锂电池汽车钥匙数码电池遥控器体温度计电子体重秤主板圆形10年保质期 长效电力保证 安全儿童安全包装 全球亿万家庭的优选,https://imgservice3.suning.cn/uimg1/b2c/image/ZvnBfXZNs0NEOA87XrTAOQ.jpg_400w_400h_4e,电子数码,笔记本电脑,"¥2,408.24","¥1,868.00"
美的(Midea)AFG5570电饭煲电饭锅 5.5L大容量气动涡轮防溢锅金属机身家用电饭煲 MG-AFG55705.5升大容量，加高蒸屉，蒸煮两用,https://imgservice3.suning.cn/uimg1/b2c/image/HF5D0IBiGXpFoKLSUn4UJg.jpg_400w_400h_4e,家用电器,智能电视,¥888.00,¥733.00
美的(Midea)电饭煲MB-WFS4037家用电饭锅4L容量智能预约功能正品3-5-6人底盘加热不粘涂层内胆 预约功能气动涡轮技术，持续沸腾不溢锅，2.5mm圆灶釜，米饭受热更充分，香甜饱满度更高,https://imgservice4.suning.cn/uimg1/b2c/image/n1Sv8jeJEZdW-TkYaAeY7w.jpg_400w_400h_4e,家用电器,智能电视,¥567.00,¥772.00
美的(Midea)电饭煲 MB-FB40E108 热水快饭 智能预约 风压破泡蒸汽阀 家用多功能煮饭 4L家用容量电饭锅8大功能菜单！20min热水快速饭！24H智能预约!4L容量!,https://imgservice4.suning.cn/uimg1/b2c/image/2u1iGBEtJOmedih8ukfyEw.jpg_400w_400h_4e,家用电器,智能电视,¥990.00,¥318.00
苏泊尔(SUPOR)电饭煲上盖远红外加热升级本釜内胆 IH电磁加热4L/升容量智能触控操作 多功能电饭锅4L电饭煲 本釜IH电磁加热多功能家用智能电饭煲,https://imgservice1.suning.cn/uimg1/b2c/image/dy4KxNwoRkPlaYTFF_7tVg.jpg_400w_400h_4e,家用电器,智能电视,¥783.00,¥520.00
美的(Midea)电饭煲多功能家用智能2-4人蒸煮一锅两用3升小电饭锅MB-EFB3030H家用智能电饭煲，3L大容量，二十分钟热水快饭，一煲两用,https://imgservice5.suning.cn/uimg1/b2c/image/M_s8OldPk7IlHBgUDnnE7g.jpg_400w_400h_4e,家用电器,智能电视,¥629.00,¥580.00
美的(Midea)商用电饭煲 特大号电饭锅食堂饭店保温蒸饭锅老式大容量家用FBE0821 8L无蒸笼不粘内胆 8L大容量 一锅多用,https://imgservice2.suning.cn/uimg1/b2c/image/EpMMUDNc44xQzTob3pUxnQ.jpg_400w_400h_4e,家用电器,智能电视,¥716.00,¥724.00
松下(Panasonic)家用电饭煲1.5L日本智能迷你小型电饭锅1-3人官方旗舰正品SR-C05备长炭厚锅 微电脑控制 24H预约 速食功能,https://imgservice1.suning.cn/uimg1/b2c/image/VdDF95lzm4CY6H4XTBEfAg.jpg_400w_400h_4e,家用电器,智能电视,¥971.00,¥408.00
美的(Midea)电饭煲CFB4090H 精钢釜内胆 IH立体加热 1300W 一键操控 不粘涂层 4L大容量家用电饭煲家用智能电饭煲，4L大容量，二十分钟热水快饭，酸奶随心做，一煲两用,https://imgservice2.suning.cn/uimg1/b2c/image/Y_Jw-9u40kC3Q6F-5o3PzA.jpg_400w_400h_4e,家用电器,智能电视,¥854.00,¥635.00
九阳 (Joyoung) 电饭煲 F-50FY5 家用5L智能电饭锅预约加热铜釜内胆钢化玻璃面板电饭煲钢化玻璃面板，防刮花，24小时智能预约！,https://imgservice1.suning.cn/uimg1/b2c/image/VwOfpFcgi1DFEqTyPXhgtQ.jpg_400w_400h_4e,家用电器,智能电视,¥934.00,¥311.00
美的(Midea)智能2-8人家用电饭煲4升多功能电饭锅聚能釜烘焙卤炖远程操控不粘锅胆FB40Q1-513J专业蛋糕烘焙|飘香卤炖|顶置按键操作,https://imgservice1.suning.cn/uimg1/b2c/image/uNithVsGc1FuXSB9AZirtw.jpg_400w_400h_4e,家用电器,智能电视,¥835.00,¥375.00
美的电饭煲MB-HF40C9-FS 微压沸腾 4L智能家用IH电磁加热多功能 24H预约 精铁釜胆电饭煲30分钟香甜饭 18分钟热水快速饭 2小时粥/汤 微压沸腾 精铁内胆,https://imgservice2.suning.cn/uimg1/b2c/image/zqjfDzSTQuMGbMsoqyO-Pw.jpg_400w_400h_4e,家用电器,智能电视,¥554.00,¥647.00
美的(Midea)AFG6570电饭煲电饭锅6.5大容量智能预约气动涡轮防溢锅金属机身家用电饭煲 MG-AFG6570有4-6升可供选择，加高蒸屉，蒸煮两用,https://imgservice1.suning.cn/uimg1/b2c/image/Cuw74OLhlNGSGjc7KbirRw.jpg_400w_400h_4e,家用电器,智能电视,¥927.00,¥327.00
美的(Midea)商用电饭煲 大号电饭锅食堂饭店保温蒸饭锅老式大容量家用FBE0821 8L无蒸笼大号电饭锅食堂饭店保温蒸饭锅老式大容量家用,https://imgservice4.suning.cn/uimg1/b2c/image/r21uSxrQUny61WGJWvd-iQ.png_400w_400h_4e,家用电器,电饭煲,¥896.00,¥517.00
苏泊尔(SUPOR)电饭煲家用小快5L升大容量多功能智能预约电饭锅蛋糕煮饭锅SF50FC665小快电饭煲，22分钟柴火饭，球釜内胆，智能预约,https://imgservice1.suning.cn/uimg1/b2c/image/zs4YoHoLgskTzWeIxaWAkw.png_400w_400h_4e,家用电器,电饭煲,¥763.00,¥619.00
美的(Midea)电饭煲锅MB-WFS4029拉丝不锈钢机身 立体加热 圆灶釜内胆 4L家用智能电饭锅3人-4人香甜好米饭 轻奢拉丝机身 升级圆灶釜 不粘内胆 24H智能预约 可拆卸微压阀,https://imgservice2.suning.cn/uimg1/b2c/image/S6SZNXNT2NxdDcluouF7Mw.jpg_400w_400h_4e,家用电器,电饭煲,¥857.00,¥455.00
美的(Midea)商用电饭煲 特大号电饭锅食堂饭店保温蒸饭锅老式大容量家用10人20人FBE1321B无蒸笼不粘内胆 大容量 一锅多用,https://imgservice2.suning.cn/uimg1/b2c/image/THZzsouTKdlge4r6oDAZiA.jpg_400w_400h_4e,家用电器,电饭煲,¥985.00,¥734.00
美的(Midea)电饭煲MB-YJ900电饭锅 9L大容量 智能电饭煲 黑晶不粘内胆 自动焖香 家用电饭煲 保温自动切换【商用快煮，一键自动保温】9L大容量；黑晶内胆；自动保温微压焖香；盖板可拆洗；立体循环加热,https://imgservice3.suning.cn/uimg1/b2c/image/hFzlUqBVvKeXRruTsr3-9Q.jpg_400w_400h_4e,家用电器,电饭煲,¥745.00,¥324.00
九阳 (Joyoung) 电饭煲 F-40TD01 智能预约多功能大功率4L大容量铁斧内胆IH电磁加热电饭锅灰色二级能效，快煮饭/柴火饭/五谷饭/原味蒸/营养汤/稀饭/煮粥/热饭/预约/保温！,https://imgservice5.suning.cn/uimg1/b2c/image/Q5NYLb582C0Ck2dpukzxXA.jpg_400w_400h_4e,家用电器,电饭煲,¥598.00,¥522.00
美的(Midea)电饭煲 可拆洗内盖 黑晶不粘内胆简单易操作家用宿舍1.6L迷你小电饭锅机械款 MB-YN161 粉色1.6L迷你容量|小功率|可拆洗内盖|不粘锅|适合1~2人使用|黑晶不粘内胆|一键智能蒸煮,https://imgservice2.suning.cn/uimg1/b2c/image/4kslwL9gFxhOXYQEqxcg3A.jpg_400w_400h_4e,家用电器,电饭煲,¥819.00,¥622.00
松下 (Panasonic) 电饭煲 SR-DE106 24小时预约备长炭内胆电饭锅 可拆卸防溢装置 3升煮饭3种模式 蛋糕 杂粮 水饺 粥 炖汤 白煮蛋等功能；一键智能预约,https://imgservice2.suning.cn/uimg1/b2c/image/Bb_omUTW4X9oBqd6zzqZxQ.jpg_400w_400h_4e,家用电器,电饭煲,¥931.00,¥647.00
美的(Midea)电饭煲MB-WFS4037家用电饭锅4L容量智能预约功能正品3-5-6人底盘加热不粘涂层内胆 预约功能气动涡轮技术，持续沸腾不溢锅，2.5mm圆灶釜，米饭受热更充分，香甜饱满度更高,https://imgservice4.suning.cn/uimg1/b2c/image/d5j80barG9q8H1928oK1Gg.jpg_400w_400h_4e,家用电器,厨房冰箱,¥848.00,¥495.00
焱魔方电暖桌取暖桌家用电暖茶几升降电暖炉电烤桌电动升降取暖茶几取暖桌烤火炉取暖器家用电暖桌电烤火桌子正方形电炉茶几 K5【加厚家居岩板智能升降、家用取暖茶几按摩底座、节能铝板发热体热效率提升，植绒防烫双面晾衣】,https://imgservice5.suning.cn/uimg1/b2c/image/5F9PianSRNfLU_8E1cBmFg.jpg_400w_400h_4e,家用电器,厨房冰箱,¥566.00,¥647.00
富炬电暖茶几升降电暖炉电烤桌电动升降取暖茶几取暖桌烤火炉取暖器家用电暖桌电烤火桌子长方形电炉茶几 风雅凝灰岩带炉125【新型岩板耐刮、防火耐高温】【六维立体取暖，三秒速热】【全覆盖恒温脚暖】【大跨度智能升降】,https://imgservice2.suning.cn/uimg1/b2c/image/uYlExYBMonncjgHbJRR1Cw.jpg_400w_400h_4e,家用电器,厨房冰箱,¥502.00,¥649.00
飞利浦(Philips) 电饭煲HD4588/00 珐琅铸铁火焱锅内胆 4L大容量 智芯回漩IH电磁加热 智能预约功能亲水速透技术，均匀传导热量，360度炊煮，智芯IH回旋，LED触控屏幕,https://imgservice5.suning.cn/uimg1/b2c/image/HkQWyCFLdK2xijzFZWS1hA.jpg_400w_400h_4e,家用电器,厨房冰箱,¥776.00,¥733.00
焱魔方家用电暖茶几升降电暖炉电烤桌语音遥控升降取暖茶几取暖桌烤火炉取暖器家用电暖桌电烤火桌子长方形电炉茶几1.38隐炉【全国联保】【 高奢岩板，智能语音升降，加宽立柱别墅款，质保三年】送精美豪华保暖罩2件套,https://imgservice4.suning.cn/uimg1/b2c/image/gmbbg2VzH_04YzWR74e23w.jpg_400w_400h_4e,家用电器,厨房冰箱,¥773.00,¥453.00
美的(Midea)商用电饭煲 特大号电饭锅食堂饭店保温蒸饭锅老式大容量家用10人20人FBE0821 8L无蒸笼不粘内胆 13L大容量 一锅多用,https://imgservice2.suning.cn/uimg1/b2c/image/i9F67SCZ4213o-XfaF4wZA.png_400w_400h_4e,家用电器,厨房冰箱,¥625.00,¥350.00
松下(Panasonic)电饭煲 SR-DC156-N 智能电饭煲 4.2L日本预约 家用电饭锅3-4-6人6大炊煮功能 备长炭厚锅 微电脑CPU技术 可预约,https://imgservice3.suning.cn/uimg1/b2c/image/pXjkKNa8bG5Z5lfl8ZSWbA.jpg_400w_400h_4e,家用电器,厨房冰箱,¥747.00,¥607.00
美的(Midea)赤炎臻香IH智能电饭煲锅3D立体加热4升钛金鼎釜预约远程WIFI智控SFB4021H(线下同款)赤炎臻香iIH智能电饭煲锅3D立体加热4升钛金鼎釜预约远程WIFI智控,https://imgservice1.suning.cn/uimg1/b2c/image/04OjxC4mwMzL3B9sadzENg.jpg_400w_400h_4e,家用电器,厨房冰箱,¥903.00,¥395.00
焱魔方电暖桌取暖桌家用电暖茶几升降电暖炉电烤桌电动升降取暖茶几取暖桌烤火炉取暖器家用电暖桌电烤火桌子长方形电炉茶几 K5【加厚家居岩板智能升降、家用取暖茶几智能升降、节能铝板发热体热效率提升，植绒防烫双面晾衣】,https://imgservice2.suning.cn/uimg1/b2c/image/61cszbKqT98WxSD0sTKc4g.jpg_400w_400h_4e,家用电器,厨房冰箱,¥605.00,¥488.00
美的(Midea)AFG4570电饭煲电饭锅 4L大容量气动涡轮防溢锅金属机身家用电饭煲 MG-AFG45704L大容量加高蒸屉蒸煮两用,https://imgservice1.suning.cn/uimg1/b2c/image/GdIUvoIALwxOCx56q0G5sQ.jpg_400w_400h_4e,家用电器,厨房冰箱,¥530.00,¥387.00
先锋(Singfun)取暖器电暖器家用电暖气片电热油汀13片热浪节能省电干衣加湿DYT-SS2【热浪蜂窝专利技术！比直板加热快19.2%】 【13片热浪相当于15片直板油汀的制热速度】,https://imgservice5.suning.cn/uimg1/b2c/image/wmONygKw6YI2c7CHP3vqUQ.jpg_400w_400h_4e,家用电器,厨房冰箱,¥570.00,¥315.00
焱魔方电暖桌取暖桌家用电暖茶几升降电暖炉电烤桌电动升降取暖茶几取暖桌烤火炉取暖器家用电暖桌电烤火桌子长方形电炉 K5【加厚家居岩板智能升降、家用取暖茶几按摩底座、节能石墨烯发热，植绒防烫，无中层架带晾衣杆】,https://imgservice1.suning.cn/uimg1/b2c/image/ap19HImOdca_F168NWKeKQ.jpg_400w_400h_4e,家用电器,厨房冰箱,¥786.00,¥481.00
九阳(Joyoung)电饭煲F40FY-F855家用电饭锅4L升大容量4-5-8人铜匠厚釜内胆智能多功能预约煮饭锅4L大容量！铜匠厚釜！不粘内胆！蒸煮焖炖8大功能！,https://imgservice1.suning.cn/uimg1/b2c/image/Ac7PBmy4WTQN89WbV9KG-A.jpg_400w_400h_4e,家用电器,厨房冰箱,¥653.00,¥637.00
美的家用电饭煲4L/升大容量 精钢鼎釜 IH电磁加热 24小时智能预约 微压沸腾 电饭锅MB-HS4075商城同款多功能菜单一键开盖 花蓝提手 ，可拆内盖分体易拆洗,https://imgservice5.suning.cn/uimg1/b2c/image/45Vj-9FBNP_BHtkvQQT2aA.png_400w_400h_4e,家用电器,吸尘器,¥651.00,¥324.00
九阳(Joyoung) 电饭煲电饭锅铁釜饭煲家用煮粥煲汤蒸米饭柴火饭4L大容量智能电饭煲2-6人 4L容量F-40T36经典方煲造型，上置操作按键 ，金属拉丝机身 、铁釜内胆，特色铁锅炖,https://imgservice3.suning.cn/uimg1/b2c/image/-ipX4MCJGbybrLm8JyFCDg.jpg_400w_400h_4e,家用电器,吸尘器,¥506.00,¥545.00
苏泊尔(SUPOR) 电饭煲SF40FC743家用电饭锅 4L升多功能智能预约口感可选煮饭锅3-4-6人炫彩拉丝金属煲体24H预约 4L容量 微压焖煮 一键快煮 人性化集水槽,https://imgservice4.suning.cn/uimg1/b2c/image/uyx328iKFgqZOfG6eWd5yA.png_400w_400h_4e,家用电器,吸尘器,¥873.00,¥358.00
美的(Midea)电饭煲 大号电饭锅食堂饭店保温蒸饭锅老式大容量家用FBE0821 8L无蒸笼大号电饭锅食堂饭店保温蒸饭锅老式大容量家用,https://imgservice3.suning.cn/uimg1/b2c/image/xmuvWMYwXtMV4wxyOABwaw.png_400w_400h_4e,家用电器,吸尘器,¥684.00,¥787.00
飞利浦(Philips) 石墨烯取暖器电暖器暖风机家用电暖器全屋对流式欧式快热炉大面积电暖气片 智能款AHR3144CS纳米石墨烯，新制热技术，三种功率选项，双层出热APP控制，使用简单便利,https://imgservice5.suning.cn/uimg1/b2c/image/dvvzAcKEl_AUt6IxmKXXxQ.jpg_400w_400h_4e,家用电器,吸尘器,¥883.00,¥749.00
美的(Midea) 电饭煲MB-FB40P501 4L/4升家用多功能IH大火力电磁加热不溢锅 精铁釜内胆不粘锅 电饭煲顶置界面；18分钟热水快饭 IH电磁加热；精铁釜内胆聚能锁热；耐用不粘锅；7大烹饪功能,https://imgservice5.suning.cn/uimg1/b2c/image/T0yNDCY5MbUN4TPFrXcW1w.jpg_400w_400h_4e,家用电器,吸尘器,¥636.00,¥399.00
[带蒸笼]美的(Midea)商用电饭煲 特大号电饭锅食堂饭店保温蒸饭锅老式大容量家用10人20人FBE1321 13L不粘内胆 13L大容量 一锅多用,https://imgservice3.suning.cn/uimg1/b2c/image/bFxITt39tX7uH7JFwQxfcg.png_400w_400h_4e,家用电器,吸尘器,¥723.00,¥798.00
狄丽莫家用电饭煲3-4个人蒸煮两用1人小型老式电饭锅小2人多功能5升不粘_豪华白色4.0L标配自动保温 无需看管 煮饭结束后自动进入保温,https://imgservice1.suning.cn/uimg1/b2c/image/v9DtVATO6hVzxl2SmIrCfA.jpg_400w_400h_4e,家用电器,吸尘器,¥677.00,¥420.00
TCL 大1匹定速定频单冷 节能制冷 四重低音壁挂式挂机1p家用电器空调 强力除湿KF-26GW/XQ11(5)热卖快速制冷 | 四重低音 | 节能定速,https://imgservice1.suning.cn/uimg1/b2c/image/LRV_4F9uTkOFEIQHxlovSw.jpg_400w_400h_4e,家用电器,吸尘器,¥702.00,¥417.00
[无蒸笼]美的(Midea)商用电饭煲 特大号电饭锅食堂饭店保温蒸饭锅老式大容量家用10人20人13升FBE1321B不粘内胆 13L大容量 一锅多用,https://imgservice2.suning.cn/uimg1/b2c/image/5EXQ0q-Af1lfP50tnSTqhA.png_400w_400h_4e,家用电器,吸尘器,¥703.00,¥693.00
美的(Midea)电磁炉 MC-CL35W7-001 家用饭店食堂3500W大功率爆炒电炉工业节能电磁灶3500W大功率3500W大火力丨汉森高强面板丨4D立体防水,https://imgservice5.suning.cn/uimg1/b2c/image/NTs01i2_VzNCWxXR9t5-Ug.jpg_400w_400h_4e,家用电器,吸尘器,¥578.00,¥581.00
美的(Midea)电磁炉双灶 电磁灶嵌入式家用电灶台式电陶炉双头镶嵌式电磁灶一电一陶 DZE3551电磁炉3500W大功率！一电一陶,https://imgservice5.suning.cn/uimg1/b2c/image/plCKUQpPUMGbXBxb_Mc9rw.jpg_400w_400h_4e,家用电器,吸尘器,¥927.00,¥457.00
家用电饭锅1-2人多功能3L4古达小型单一人食煮智能学生宿舍电饭煲_古绿2升球釜内胆1-2人用迷你时尚 米饭饱满 不粘锅 不夹生,https://imgservice1.suning.cn/uimg1/b2c/image/9giacmL1GshqjPw4tYlrXg.jpg_400w_400h_4e,家用电器,吸尘器,¥581.00,¥800.00
格力(GREE)电饭煲GDF-2004C家用智能2L小容量电饭锅小巧精致口感佳香迷你容易清洗多功能不沾内胆隐藏式触控面板保温盖板与蒸汽阀二合一，结构简单，1.5mm铝合金内胆，24小时预约，7种烹饪功能,https://imgservice3.suning.cn/uimg1/b2c/image/vYVOiApJeiRhpHToRrcQYw.jpg_400w_400h_4e,家用电器,吸尘器,¥837.00,¥499.00
美的(Midea)电饭煲无涂层0涂层电饭锅家用4L容量小型煮饭锅不锈钢内胆香甜饭锅蒸煮米饭锅 MB-RC436316不锈钢安全耐用，0涂层内胆，锁水抗粘技术，特色母婴功能,https://imgservice4.suning.cn/uimg1/b2c/image/YgZgG99dJBx9mIgrwAIpHw.jpg_400w_400h_4e,家用电器,吸尘器,¥818.00,¥355.00
苏泊尔(SUPOR)电饭煲SF40HC57家用电饭锅球釜内胆4L大容量智能预约多功能IH电磁加热煮饭煲电饭锅适用4-7人精铁球釜内胆 一级能效 IH大火力,https://imgservice2.suning.cn/uimg1/b2c/image/HpYVv02GduscPTDYrTFRlQ.jpg_400w_400h_4e,家用电器,吸尘器,¥622.00,¥547.00
康佳石墨烯取暖器家用暖风机卧室浴室速热省电烤火炉器立式电暖气广角摇头 倾倒断电 过热保护,https://imgservice2.suning.cn/uimg1/b2c/image/CngWFJ82HJxiF2UGMJvEWA.jpg_400w_400h_4e,家用电器,吸尘器,¥952.00,¥307.00
美的(Midea) 电饭煲 MB-FB40Simple111 4升大容量智能家用匠铜聚能釜 预约功能 不粘涂层内胆电饭锅智能烹饪五部曲；一键快速饭；匠铜聚能釜；可拆洗盖板，轻松拆洗，拒绝卫生死角；24h预约,https://imgservice5.suning.cn/uimg1/b2c/image/KE3hCf2-S7pG5-AgJ5xpoQ.jpg_400w_400h_4e,家用电器,吸尘器,¥889.00,¥524.00
美菱(MEILING)石墨烯踢脚线取暖器家用电暖器暖风机电暖气片移动地暖冬季取暖速热神器先领卷再购物，全店底价出击！详情请咨询客服！,https://imgservice1.suning.cn/uimg1/b2c/image/9TVFyVdUAe-PGCLYx1D7GQ.jpg_400w_400h_4e,家用电器,吸尘器,¥517.00,¥514.00
格力电油汀NDY23-X6022取暖器家用电暖气客厅节能速热省电电暖桌烘干取暖小家电时尚新款 13片加宽折边油汀 3D大面积立体取暖 取暖烘衣加湿三合一 安全倾倒断电外壳防烫,https://imgservice4.suning.cn/uimg1/b2c/atmosphere/JrWwDocE094_JIoitiEFbw.png_400w_400h_4e,家用电器,吸尘器,¥669.00,¥477.00
美的(Midea)电饭煲家用电饭锅智能预约多功能煲汤煮米饭杂粮粥3L精巧容量前置大面板 [MB-RE331]☆【方形简洁设计，轻奢精致小巧； 1.5mm匠铜聚能内胆，易洁不粘； 精致彩屏】☆,https://imgservice3.suning.cn/uimg1/b2c/image/gTQ77OSlR8F1i8GSMMiBfg.png_400w_400h_4e,家用电器,吸尘器,¥951.00,¥488.00
狄丽莫家用电饭煲3-4个人蒸煮两用1人小型老式电饭锅小2人多功能5升不粘_豪华金色2.0L高配自动保温 无需看管 煮饭结束后自动进入保温,https://imgservice5.suning.cn/uimg1/b2c/image/_Ys_dMeSFgkUCbDXmwXnzA.jpg_400w_400h_4e,家用电器,吸尘器,¥829.00,¥497.00
苏泊尔(SUPOR)电饭煲远红外电饭煲穿透加热技术本釜IH电磁加热多功能家用智能电饭煲电饭锅4L/升远红外加热穿透技术 广口球底本釜内胆 3.0mm钢化玻璃面板,https://imgservice3.suning.cn/uimg1/b2c/image/AQrLU7Hb1BQoro6lmnFxtQ.jpg_400w_400h_4e,家用电器,吸尘器,¥587.00,¥683.00
九阳 (Joyoung) 电饭煲 F-40FY5 家用4L智能电饭锅预约加热铜釜内胆钢化玻璃面板电饭煲铜匠厚釜、大火快煮、大线圈弧形内胆不糊底受热更均匀、4L大容量满足3-5人！,https://imgservice4.suning.cn/uimg1/b2c/image/QxHfBavaqPpzoEo8ZU3rlA.jpg_400w_400h_4e,家用电器,吸尘器,¥500.00,¥380.00
美的(Midea)电饭煲 MB-FB40E511 微压快煮 智能预约 聚能速热 易洁不粘 家用多功能煮饭电饭锅 4L容量24小时预约 4L容量 内盖可拆洗 微压快煮,https://imgservice5.suning.cn/uimg1/b2c/image/yrsqMgj8Dk_GX7RLV_R4hw.png_400w_400h_4e,家用电器,破壁机,¥710.00,¥461.00
九阳 (Joyoung) 电饭煲 F-40TD02 铁釜内胆4升L家用电饭锅钢化玻璃面板智能预约棕色玻璃上盖，品质机身，2.5斤铁釜内胆，商场热卖款！,https://imgservice2.suning.cn/uimg1/b2c/image/b-5HjBdYB1i7IYkJb-Fo-w.jpg_400w_400h_4e,家用电器,破壁机,¥643.00,¥532.00
美的(Midea)商用电饭煲 特大号电饭锅食堂饭店保温蒸饭锅老式大容量家用FBE1321 13L不粘内胆 13L大容量 一锅多用,https://imgservice3.suning.cn/uimg1/b2c/image/Rr1A1s2ki3pGFuRP8qiSaQ.png_400w_400h_4e,家用电器,破壁机,¥571.00,¥538.00
格力(GREE) 电热膜NDYC-25C-WG 恒温省电 快速干衣带烘衣架 加湿取暖 过热保护家用 电暖器5片硅晶取暖器四档功率调节，倾倒断电，过热保护，智能恒温，干衣加湿取暖，5片膜片 30°热浪黄金角！,https://imgservice2.suning.cn/uimg1/b2c/image/UYHvViZJxCn3pFgBLtNvOg.jpg_400w_400h_4e,家用电器,破壁机,¥716.00,¥651.00
电饭锅大容量食堂酒店商用10L15-20-25-30人老式家用电饭煲 HT加厚36L不粘+蒸笼超大容量 一锅多用 加厚不粘锅,https://imgservice2.suning.cn/uimg1/b2c/image/BYKLLDD5LhD2s1mVVNAO1A.jpg_400w_400h_4e,家用电器,破壁机,¥843.00,¥695.00
焱魔方电暖茶几升降电暖炉电烤桌电动升降取暖茶几取暖桌烤火炉取暖器家用电暖桌电烤火桌子长方形电炉茶几1.5隐藏电磁炉Q9【全国联保】高端尖货！加厚奢石岩板、语音控制、奢华脚踏、碳纤维速热！变频省电！气质灰好搭配,https://imgservice3.suning.cn/uimg1/b2c/image/2nnmyk2NU8JbbUsBvydEDg.jpg_400w_400h_4e,家用电器,破壁机,¥642.00,¥548.00
苏泊尔(SUPOR)电饭煲SF30HC649 3L 迷你电饭锅 2-4人3L球釜智能预约功能 IH电磁加热 家用煮粥锅体小精致，一键柴火饭，精铁厚实内胆，微压蒸汽阀，精工感温装置，智能灵敏触控屏,https://imgservice2.suning.cn/uimg1/b2c/image/OKaE-oViPoRmnUarfffSuQ.jpg_400w_400h_4e,家用电器,破壁机,¥815.00,¥552.00
美的(Midea)电饭煲 4L多功能智能预约 金属机身家用电饭煲2-7人 FB40M1-716S电饭煲 4L多功能智能预约 金属机身家用电饭煲2-7人,https://imgservice4.suning.cn/uimg1/b2c/image/yy7BTbT4XMK9pfjV5w4ogA.jpg_400w_400h_4e,家用电器,破壁机,¥663.00,¥537.00
古达机械式304不锈钢内胆电压力锅3L4L5L6L8升家用电高压锅饭煲_2.8L食品级304不锈钢胆黄晶蒸格胆1-3人温度控制 压力控制 旋钮控制,https://imgservice4.suning.cn/uimg1/b2c/image/d6Dy0uvG0X3S6364SmIbOQ.jpg_400w_400h_4e,家用电器,破壁机,¥801.00,¥740.00
九阳 (Joyoung) 电饭煲 F-40T23 家用智能电饭锅4升L土灶铁釜内胆米饭锅IH电磁加热电饭煲棕色一级能效，IH加热，土灶铁釜内胆，1200W大火力，24小时预约，可拆内盖,https://imgservice2.suning.cn/uimg1/b2c/image/4ti73q2lXUJ0Rk0UBhKEeA.jpg_400w_400h_4e,家用电器,破壁机,¥998.00,¥448.00
松下(Panasonic)家用电饭煲智能迷你煲小型多功能预约2L蒸煮电饭锅1-3人DX071-K不沾涂层立体加热 10大智能菜单24H智能预约,https://imgservice5.suning.cn/uimg1/b2c/image/CcD9wxoG01JPEYsiArK7-Q.jpg_400w_400h_4e,家用电器,破壁机,¥578.00,¥389.00
隐形毛孔打底棒妆前乳隔离补水控油遮瑕膏嗜喱霜遮毛孔神器2544清爽不粘腻,https://imgservice1.suning.cn/uimg1/b2c/image/Fex6_vxZeWVo8L2HJuEihg.jpg_400w_400h_4e,美妆个护,护肤套装,¥29.90,¥18.00
搓泥宝男女全身通用搓澡泥去角质死皮澡堂浴池专用儿童官方旗舰店植物去角质亮肤,https://imgservice1.suning.cn/uimg1/b2c/image/jRI-bA8Qn9jiVrdsojGSLw.jpg_400w_400h_4e,美妆个护,护肤套装,¥22.00,¥20.00
植物集氨基酸洁颜蜜深层清洁女神洗面奶敏感肌温和保湿控油洁面乳 120ml收缩毛孔，深度清洁，水油平衡,https://imgservice2.suning.cn/uimg1/b2c/image/Fzuhjmu9Yu9tdG1dswj7Lw.png_400w_400h_4e,美妆个护,护肤套装,¥89.00,¥20.00
浴室瓷砖清洁剂卫生间玻璃水垢万能清洗浴缸厕所强力去污除垢去黄2544浴室污垢 一瓶搞定,https://imgservice5.suning.cn/uimg1/b2c/image/7r7T_ZdlPg0uI6Ap40fA2g.jpg_400w_400h_4e,美妆个护,护肤套装,¥15.80,¥23.00
多效洗衣液超大容量清洗液抑菌去污持久留香女男士官方旗舰店正品深层清洁持久留香温和配方,https://imgservice5.suning.cn/uimg1/b2c/image/r6PZDJmHjA-IKdXZM_dUAQ.jpg_400w_400h_4e,美妆个护,护肤套装,¥19.90,¥21.00
硫磺除螨皂控油祛痘液体PP香皂沐浴硫磺药皂全身杀菌去螨虫香皂温和水润祛除背痘沐浴除螨沐浴留香,https://imgservice5.suning.cn/uimg1/b2c/image/_w-aoLGnOKt-anSP3PL-QA.jpg_400w_400h_4e,美妆个护,护肤套装,¥14.90,¥11.00
日本厨房抽油烟机强力去除油污清洗剂重油污净清洁剂除垢油渍神器重油污净清洁剂强力去除油污,https://imgservice3.suning.cn/uimg1/b2c/image/nsaxOFG1poVkqyEfxquC2Q.jpg_400w_400h_4e,美妆个护,护肤套装,¥15.90,¥13.00
超声波负离子铲皮机美容仪去角质黑头毛孔清洁器祛死皮洁面仪家用 白色超声波负离子铲皮机美容仪去角质黑头毛孔清洁器祛死皮洁面仪家用,https://imgservice2.suning.cn/uimg1/b2c/image/c4CXMxI03MbYH9N4gAYyrg.jpg_400w_400h_4e,美妆个护,护肤套装,¥59.00,¥16.00
白茶洗发水控油蓬松正品官方品牌去屑止痒洗头水膏露套装留香除螨 【两瓶装】白茶氨基酸香氛洗发水控油不发干,https://imgservice1.suning.cn/uimg1/b2c/image/KyBpVSU-JmKuSm0juCTzpQ.jpg_400w_400h_4e,美妆个护,护肤套装,¥29.90,¥22.00
护发素女柔顺顺滑发膜修复干枯补水顺滑防毛躁正品官方品牌旗舰店滋养修复 改善毛躁 蓬松 柔顺,https://imgservice4.suning.cn/uimg1/b2c/image/Ft0WwzKD-018TH6otTKomw.png_400w_400h_4e,美妆个护,护肤套装,¥24.90,¥20.00
摩洛哥头发护发精油女士防毛躁柔顺改善烫染修复干枯补水持久留香改善毛躁 染烫受损护理 烫后修复,https://imgservice3.suning.cn/uimg1/b2c/image/SRD2frly6GBd9BbNXYk_vw.png_400w_400h_4e,美妆个护,洁面,¥29.90,¥10.00
洗衣机除菌液25446合一配方强效升级,https://imgservice2.suning.cn/uimg1/b2c/image/-ZmXK47a88XeOBStkuiRFA.jpg_400w_400h_4e,美妆个护,洁面,¥22.00,¥17.00
socus海洋主义 净肤脱毛膏2544天然植萃 温和脱毛 拒绝在长 不留黑点,https://imgservice1.suning.cn/uimg1/b2c/image/PFIu4Uu7gnvNicxTG37eBA.jpg_400w_400h_4e,美妆个护,洁面,¥89.00,¥10.00
海洋主义(SOCUS)衣物去油剂衣物去油剂 一瓶解决多种顽固污渍 轻松焕新,https://imgservice4.suning.cn/uimg1/b2c/image/WHca5iyJTxLi45rCLmnx4Q.jpg_400w_400h_4e,美妆个护,洁面,¥15.80,¥21.00
海洋主义(SOCUS)除螨沐浴露乳2544氨基酸沐浴露补水 深层清洁 清爽 滋润保湿,https://imgservice5.suning.cn/uimg1/b2c/image/ML4SgIz7SfUbJGZc9MQ95w.jpg_400w_400h_4e,美妆个护,洁面,¥19.90,¥16.00
植物集(ZHIWUJI)植萃祛痘精华控油收缩毛孔油皮敏肌舒缓修护痘印面部精华水 120ml 120ml长效控油 实效褪红 舒护调理,https://imgservice3.suning.cn/uimg1/b2c/image/DFDnUe1V1_fpUPu5iPt3Sg.jpg_400w_400h_4e,美妆个护,洁面,¥14.90,¥17.00
舒肤佳 香皂特惠四块装 清洁保湿滋润肌肤沐浴皂 沐浴洗手两用皂 男女士香皂 纯白100g*3+薰衣草*1(新老包装随机)家庭装多块装,https://imgservice5.suning.cn/uimg1/b2c/image/We8xJHqSrJueW8c3X0X4cQ.jpg_400w_400h_4e,美妆个护,洁面,¥15.90,¥23.00
苏菲(SOFY) 小翅膀棉柔表层护翼护垫175mm18片护翼棉柔护垫,https://imgservice2.suning.cn/uimg1/b2c/image/DT1WYkwAEEIfpiWMNB-fNw.jpg_400w_400h_4e,美妆个护,洁面,¥59.00,¥13.00
舒肤佳 香皂特惠四块装 清洁 保湿滋润肌肤沐浴皂 沐浴洗手两用皂 家庭香皂 纯白100g*2+柠檬100*2舒肤佳家庭装,https://imgservice5.suning.cn/uimg1/b2c/image/hmwAA2pVfMwMEss-VnMQJA.jpg_400w_400h_4e,美妆个护,洁面,¥29.90,¥19.00
"沙宣清盈顺柔洗发露750ML(水油平衡轻盈蓬松,油性发质洗发水)针对油性发质，清爽去油，平衡性锁水滋润配方，让秀发轻盈蓬松不毛躁",https://imgservice4.suning.cn/uimg1/b2c/image/Vn0bWBtnX7zhVZdb1JZR-Q.jpg_400w_400h_4e,美妆个护,洁面,¥24.90,¥16.00
潘婷(pantene)丝质顺滑去屑 洗发露750G 洗发水 洗头膏新旧包装随机发针对毛躁打结及头屑困扰，让秀发强韧不掉线,https://imgservice1.suning.cn/uimg1/b2c/image/ng4am5lZGZpZ3BYPFC7_xA.jpg_400w_400h_4e,美妆个护,洁面,¥29.90,¥10.00
舒肤佳99.9%消灭细菌泡沫洗手液樱花香型225ml+青苹果香225ml两支组合装(健康抑菌 温和洁净)新老包装随机发有效去除细菌，泡沫丰富洗手更有乐趣,https://imgservice3.suning.cn/uimg1/b2c/image/pVLeMnV0K_wc6q4pwvHeTQ.jpg_400w_400h_4e,美妆个护,洁面,¥22.00,¥10.00
飘柔洗发水绿茶长效清爽洗发露去油洗头膏750ml男女通用正品绿茶长效清爽去油控油洗头膏,https://imgservice1.suning.cn/uimg1/b2c/image/gEDTvT1rSqsAkm1DrZnpoA.jpg_400w_400h_4e,美妆个护,香水,¥89.00,¥18.00
佳洁士锁白致尚技术牙膏 男女正品家庭套装小白管清新口腔清洁雪樱120G+桃花120G+白桃120G三支组合装樱花120G+白桃120G+桃花120G,https://imgservice2.suning.cn/uimg1/b2c/image/J26rWQu9uFLQ1Rmvfq4_Zw.jpg_400w_400h_4e,美妆个护,香水,¥15.80,¥10.00
[第二件0元]护舒宝(Whisper)未来感极护液体卫生巾丝薄护翼棉柔表层日用270mm10片北美原装进口，源自液体材料卫生巾，挑战无感保护。 新旧包装随机发,https://imgservice1.suning.cn/uimg1/b2c/image/K9u38z1K3l_7dHXxmSEMNw.png_400w_400h_4e,美妆个护,香水,¥19.90,¥20.00
沙宣无硅油氨基酸洗发水轻润裸感500ml(48小时清爽蓬松)新老包装随机发深透修护，无负担。含精油微分子，专为干枯脆弱发质设计,https://imgservice5.suning.cn/uimg1/b2c/image/aOaPooRmBGvNlLThGZTY3Q.jpg_400w_400h_4e,美妆个护,香水,¥14.90,¥13.00
舒肤佳深层排浊香皂108g洁面洗澡洗手通用 深层排浊沐浴皂 2红石榴+1茶树油三块装微米级排浊科技，红石榴和茶树油优惠组合。,https://imgservice2.suning.cn/uimg1/b2c/image/rODSG9gqFdHKfrMTikb_9Q.jpg_400w_400h_4e,美妆个护,香水,¥15.90,¥16.00
南京同仁堂艾草贴草本植萃持续温灸颈椎膝盖腰椎贴艾草贴多味草本 持续温灸 渗透患处,https://imgservice5.suning.cn/uimg1/b2c/image/_IPn0Y888znYrXHwIVklhA.jpg_400w_400h_4e,美妆个护,香水,¥59.00,¥12.00
舒肤佳深层排浊香皂108g洁面洗澡洗手通用 沐浴皂 红石榴+茶树油+竹炭三块装3D流体技术，微米级排浊科技，添加天然精华。,https://imgservice5.suning.cn/uimg1/b2c/image/PgkssbN0goUyntFPbQSX7w.jpg_400w_400h_4e,美妆个护,香水,¥29.90,¥21.00
潘婷氨基酸洗发水乌黑莹亮200ml洗发露(亮泽 滋养 能量水 新老包装随机发货)针对枯黄暗哑，让秀发强韧不掉线,https://imgservice1.suning.cn/uimg1/b2c/image/fkHrj8RK0Op6NtL-WTBqLQ.jpg_400w_400h_4e,美妆个护,香水,¥24.90,¥12.00
班杰威尔Banjvall新生儿礼盒套装 2023春夏兔年新款初生婴儿礼盒套装新生儿衣服宝宝用品刚出生满月高端见面礼物 四季好多兔蓝20件套 59cm（建议0-6个月内）【四季迎接2023兔年新上市礼盒装送礼】 亲肤舒适面料 礼盒包装送礼有面子,https://imgservice5.suning.cn/uimg1/b2c/image/wGCwpLr9CrC2eV5iEdxHdg.jpg_400w_400h_4e,母婴用品,婴儿床,¥142.00,¥56.00
班杰威尔Banjvall婴儿礼盒 新生儿棉衣/彩棉婴儿衣服秋冬套装套盒装刚出生内衣初生母婴用品婴幼儿内衣礼盒 加厚倾心云米 新生儿【2021新款上市 新生儿棉衣】宝宝穿着 舒适亲肤 棉衣搭配套盒,https://imgservice3.suning.cn/uimg1/b2c/image/_cYhvryXqn752IkHAGPO4g.jpg_400w_400h_4e,母婴用品,婴儿床,¥100.00,¥81.00
班杰威尔Banjvall婴儿礼盒 四季婴儿衣服春秋冬季衣服初生儿棉礼盒初生宝宝四季内衣服装母婴用品内衣礼盒 四季灰小兔蓝18件套 新生儿【四季 加厚两款选择】新生儿衣服亲肤 舒适透气 四季送礼 婴儿礼盒,https://imgservice1.suning.cn/uimg1/b2c/image/CjU6Md9nEQaKmbt6oThKzQ.jpg_400w_400h_4e,母婴用品,婴儿床,¥87.00,¥99.00
班杰威尔Banjvall婴儿18件礼盒套装 秋冬加厚宝宝衣服初生内衣礼盒套装刚出生小孩满月礼物婴幼儿睡衣裤子帽子母婴用品 四季祝福熊橙 初生儿【四季 加厚两种款式选择】 亲肤舒适 初生宝宝礼物,https://imgservice5.suning.cn/uimg1/b2c/image/fUSGTjgYEsXtBw8v3t7wbQ.jpg_400w_400h_4e,母婴用品,婴儿床,¥149.00,¥93.00
班杰威尔Banjvall婴儿内衣礼盒 2023春夏秋冬薄款夏季婴儿衣服四季新生儿礼盒套装初生刚出生宝宝礼物母婴用品 夏季仲夏之梦蓝色12件套 新生儿【2021薄款四季两种款式19件套12件套】礼盒包装高大上档次 面料舒适 精美手提袋,https://imgservice2.suning.cn/uimg1/b2c/image/5AawzTqccVOFoUdxTU3q2w.jpg_400w_400h_4e,母婴用品,婴儿床,¥92.00,¥75.00
班杰威尔Banjvall婴幼儿童内衣礼盒 20件婴儿衣服礼盒套装初生刚出生宝宝用品夏季新生儿满月见面礼物套盒母婴用品 四季爱幼星辰灰20件 59cm【20件套礼盒颜色可爱舒适】时尚婴儿礼盒 包装高端送礼优选,https://imgservice5.suning.cn/uimg1/b2c/image/M6NzSpO7fYuuQVIupXs_Eg.jpg_400w_400h_4e,母婴用品,婴儿床,¥71.00,¥75.00
班杰威尔Banjvall新生儿礼盒套装 17件21件四季婴儿衣服秋冬母婴用品刚出生初生满月礼物套盒婴幼儿内衣礼盒 21件加厚hellobaby蓝 新生儿【2020新款两款图案可爱卡通】 精致礼盒 柔软舒适亲肤 不含荧光剂 送礼包装高大尚,https://imgservice5.suning.cn/uimg1/b2c/image/k8GC9wkhP-qVux06qP91CQ.jpg_400w_400h_4e,母婴用品,婴儿床,¥133.00,¥55.00
班杰威尔Banjvall婴儿礼盒套装春秋夏季送礼高档舒适棉四季新生儿衣服秋冬刚出生宝宝满月母婴用品大全儿童内衣礼盒【2020鼠年新款红色三种款式选择】喜庆好看 舒适透气 包边袖口 亲肤保暖 送礼优选,https://imgservice5.suning.cn/uimg1/b2c/image/25oeLAjMJqt10ZQVwmqb6Q.jpg_400w_400h_4e,母婴用品,婴儿床,¥133.00,¥70.00
[多种规格选]班杰威尔Banjvall儿童内衣礼盒 18-20件套装婴儿棉衣服婴幼儿通用出生宝宝母婴用品初生儿礼盒套装 小狮子四季A款蓝色 新生儿【四季加厚两款18 19 20件多种选择】四季送礼 婴儿礼盒 透气舒适清爽,https://imgservice2.suning.cn/uimg1/b2c/image/vQ4-Ea_0ZU3mgvfxj10rrg.jpg_400w_400h_4e,母婴用品,婴儿床,¥65.00,¥52.00
班杰威尔Banjvall五套婴儿衣服 24件套11件套四季新生儿内衣礼盒套装春秋优质棉夏季初生刚出生满月母婴用品大全【2021新款】两种款式选择 搭配充足初生礼赠 清新萌调 卡通印花图案送手提袋面料亲肤,https://imgservice5.suning.cn/uimg1/b2c/image/ky4W-vI-UCkfuc_AB6wVIA.jpg_400w_400h_4e,母婴用品,婴儿床,¥109.00,¥67.00
班杰威尔Banjvall婴儿衣服礼盒 2023秋冬季18件20件初生礼盒新生儿衣服套装加厚刚出生初生内衣礼物母婴用品【2020新品两款礼盒四季加厚选择】卡通图案 送礼自用包装高大上 清新大气,https://imgservice4.suning.cn/uimg1/b2c/image/8RjGLiPccbPsAHeO15EKeQ.jpg_400w_400h_4e,母婴用品,婴儿床,¥136.00,¥60.00
班杰威尔Banjvall初生宝宝礼盒 2023年春秋17件婴儿内衣礼盒套装新生儿初生衣服刚出生母婴用品初生满月礼物春夏【2020春秋夏季四季礼盒】卡通设计 精美礼盒 丰富配置 送礼自用都很合适,https://imgservice3.suning.cn/uimg1/b2c/image/261IKR-twC-_SDtLAyj3Bg.jpg_400w_400h_4e,母婴用品,婴儿床,¥116.00,¥99.00
班杰威尔Banjvall新生儿礼盒 四季婴儿纯棉衣服 0-3-6-12婴儿舒适棉春夏秋冬季衣服宝宝套装母婴用品儿童内衣 四季丛林熊C彩棉色 59码（满月礼）【春夏秋冬新款婴幼儿服】舒适纯棉礼盒 送礼套装 亲肤 舒适透气,https://imgservice3.suning.cn/uimg1/b2c/image/xdSzYHsPNS4bmzu1NQ_yiA.jpg_400w_400h_4e,母婴用品,早教机,¥145.00,¥74.00
纯棉新生儿礼盒夏季婴儿衣服宝宝套装春秋初生刚出生满月礼物用品纯棉舒适 A类标准,https://imgservice3.suning.cn/uimg1/b2c/image/k5WpNgEu_WlHjnU8epOFnw.jpg_400w_400h_4e,母婴用品,早教机,¥138.00,¥90.00
班杰威尔Banjvall婴儿衣服礼盒 20件套四季新生儿礼盒宝宝衣服秋冬套装刚出生初生宝宝满月礼物用品大全儿童内衣礼盒 四季小南瓜蓝19件套 59cm【2022四季新款礼盒】带定型枕 舒适透气 手感柔软舒适 送手提袋 柔软呵护,https://imgservice2.suning.cn/uimg1/b2c/image/ucKRqXTyDaIsO-1R2mStzw.jpg_400w_400h_4e,母婴用品,早教机,¥85.00,¥53.00
班杰威尔Banjvall新生儿礼盒套装 春秋冬季迎接2022虎婴儿衣服用品刚出生初生宝宝满月见面礼物春秋套装儿童内衣礼盒 加厚达萌兔A18件套 59cm【老虎年2022新款礼盒】宝宝四季秋冬衣服套装礼盒 亲肤柔软 走线平滑,https://imgservice2.suning.cn/uimg1/b2c/image/7EzIKjO20ECZQn7OIovVbg.jpg_400w_400h_4e,母婴用品,早教机,¥120.00,¥57.00
班杰威尔Banjvall婴儿礼盒 四季秋冬18件套新生儿礼盒婴儿衣服用品大全初生刚出生宝宝满月见面礼物 套装儿童内衣礼盒 四季柠檬熊蓝18件套 59cm（新生儿宝宝）【2022新款四季衣服】卡通图案 满月礼物 精致礼盒 柔软亲肤,https://imgservice3.suning.cn/uimg1/b2c/image/sMQnCeXGTJA15HtXTxIkiw.jpg_400w_400h_4e,母婴用品,早教机,¥112.00,¥69.00
班杰威尔Banjvall新生婴儿衣服 20件套春秋套装礼盒秋冬初生刚出生宝宝满月用品大全见面礼物儿童内衣礼盒 四季福喜果红20件套 59cm2021新款礼盒装 亲肤舒适面料 20件配置充足 面料舒适,https://imgservice2.suning.cn/uimg1/b2c/image/aZG_2xrStLILOQ611wGSZg.jpg_400w_400h_4e,母婴用品,早教机,¥98.00,¥92.00
班杰威尔Banjvall婴儿礼盒 春夏婴儿衣服用品新生儿礼盒初生刚出生宝宝衣服玩具满月礼物套装母婴儿童内衣礼盒 四季豆豆虎粉21件 新生儿【2021新品加厚 四季礼盒装 20件21件】时尚翻领 柔软舒适 丰富礼盒配件 精梳棉礼盒,https://imgservice4.suning.cn/uimg1/b2c/image/GMhz--Ne3d1NJymLtcOOgg.jpg_400w_400h_4e,母婴用品,早教机,¥150.00,¥60.00
班杰威尔Banjvall新生儿礼盒套装四季秋冬 新生儿礼盒套装初生婴儿衣服刚出生宝宝用品满月礼物夏季薄款儿童内衣礼盒2021新款上新 舒适棉礼盒装 亲肤舒适 哈衣帽子围嘴脚套手套等,https://imgservice4.suning.cn/uimg1/b2c/image/EdZG2mvIlm418faTUVoIag.jpg_400w_400h_4e,母婴用品,洋娃娃,¥146.00,¥56.00
人之初新生儿礼盒保暖内衣套装婴儿纯棉衣服秋冬满月宝宝礼物用品专注0-3岁婴儿服饰，细腻做工，精选优质面料，呵护宝宝的每一寸肌肤！,https://imgservice3.suning.cn/uimg1/b2c/image/1r9lq30d1C94A3k0idvNGQ.jpg_400w_400h_4e,母婴用品,洋娃娃,¥81.00,¥63.00
班杰威尔Banjvall新生儿礼盒 2023虎年棉婴儿衣服四季春秋冬季男女宝宝套装春夏初生刚出生礼物婴幼儿内衣礼盒 四季棉花兔蓝色22件 59cm【2022新款红色礼盒】无骨缝制 时尚设计精美礼盒 亲肤柔软 精梳棉,https://imgservice2.suning.cn/uimg1/b2c/image/yBnctCemm5Ow483m7mDqmw.jpg_400w_400h_4e,母婴用品,洋娃娃,¥88.00,¥58.00
班杰威尔Banjvall新生儿礼盒装 四季婴儿衣服秋冬套装新生儿礼盒套盒用品刚出生初生宝宝满月见面礼物抱被枕头婴幼儿服装 加厚地球兔蓝20件套 59cm2022新款虎年 亲肤舒适棉,https://imgservice4.suning.cn/uimg1/b2c/image/z-gDNv9emECPlhyTGpwuiw.jpg_400w_400h_4e,母婴用品,洋娃娃,¥126.00,¥50.00
班杰威尔Banjvall秋冬季棉衣服 迎接2023初生婴儿套装新生儿衣服宝宝刚出生满月高端见面礼物送礼儿童内衣礼盒 加厚地球兔蓝20件套 66cm【兔年新款秋冬保暖衣服】 亲肤舒适 卡通可爱 童趣十足 送手提袋 初生礼满月礼百天礼,https://imgservice5.suning.cn/uimg1/b2c/image/1GW8PXluw-PYJcp5nVDn_g.jpg_400w_400h_4e,母婴用品,洋娃娃,¥97.00,¥95.00
班杰威尔Banjvall婴儿衣服礼盒 2023春秋初生婴儿礼盒套装舒适棉衣服四季兔宝宝满月送礼出生见面礼高端礼物用品 加厚红心兔B20件套 59cm【2022秋冬新款20件】四套衣服搭配充足 送礼自用两适宜 优质棉面料舒适透气,https://imgservice4.suning.cn/uimg1/b2c/image/2sJf99W2m6bWOMbA7nbTRg.jpg_400w_400h_4e,母婴用品,洋娃娃,¥134.00,¥71.00
虎年婴儿衣服套装春冬夏满月用品初生男女宝宝儿礼盒纯棉服务好！发货快！品质好！,https://imgservice1.suning.cn/uimg1/b2c/image/VCOX8egjaboAh-c3kKDhYA.jpg_400w_400h_4e,母婴用品,洋娃娃,¥93.00,¥54.00
文具大礼包小学生奖品文具盲盒学习用品套装儿童创意礼品幸运盒子暑期质量优！发货快！价格低！品质好！,https://imgservice2.suning.cn/uimg1/b2c/image/xduffkoIY4fZAfWlBwPo3A.jpg_400w_400h_4e,母婴用品,洋娃娃,¥132.00,¥71.00
"智扣新生儿礼盒婴儿棉衣服秋冬套装刚初出生宝宝满月见面礼物用品质量保证,售后无忧",https://imgservice2.suning.cn/uimg1/b2c/image/VWs_tqgZwYTlAQ_TOMjxRg.png_400w_400h_4e,母婴用品,洋娃娃,¥141.00,¥89.00
新生儿礼盒套装初生婴儿衣服刚出生满月见面礼物高档宝宝用品大全一篮小衣 一生幸福 赠手提袋,https://imgservice2.suning.cn/uimg1/b2c/image/ERWCsLUKkxJwh0YC_pr9xg.jpg_400w_400h_4e,母婴用品,洋娃娃,¥136.00,¥90.00
新生儿礼盒套装秋冬婴儿衣服用品刚出生初生满月男女宝宝礼包纯棉面料柔软舒适,https://imgservice3.suning.cn/uimg1/b2c/image/SxmoNybKoLoq50BxrD2emA.jpg_400w_400h_4e,母婴用品,洋娃娃,¥115.00,¥81.00
柒牌男装短袖衬衫2022夏季时尚休闲格子半袖商务男士透气短衬120JA70210双12品牌甄选，秋冬特惠专区3折,https://imgservice4.suning.cn/uimg1/b2c/image/C1N6gzkv5XSP2uwq-HeAjg.jpg_400w_400h_4e,品牌男装,运动套装,¥141.00,¥82.00
[冰氧吧]柒牌男装短袖T恤2022夏季新款多色体恤休闲柔软透气短t120JT70170双12品牌甄选，秋冬特惠专区3折,https://imgservice2.suning.cn/uimg1/b2c/image/ZrIe6Rtrqah7s5KqyAMzEg.jpg_400w_400h_4e,品牌男装,运动套装,¥150.00,¥86.00
FISH BASKET短袖T恤男士夏季宽松冰丝半袖上衣服2023新款打底衫体恤春秋潮流服饰品牌，售后无忧，非定制产品支持七天无理由退换,https://imgservice2.suning.cn/uimg1/b2c/image/2DGXWoU47Yf6di0vcXm53Q.jpg_400w_400h_4e,品牌男装,运动套装,¥119.00,¥83.00
[桑蚕丝]柒牌男装T恤2022夏季新款纯色百搭透气短袖体恤衫双12品牌甄选，秋冬特惠专区3折,https://imgservice3.suning.cn/uimg1/b2c/image/_eaMq1QaVUfpCOt65rQvgQ.jpg_400w_400h_4e,品牌男装,运动套装,¥140.00,¥83.00
JEEP/吉普男装旗舰官方正品牌短袖T恤男士翻领半袖棉polo衫2232上网上街上苏宁,https://imgservice3.suning.cn/uimg1/b2c/image/f1QYVwkNAw5Iuuxb45G0Yg.jpg_400w_400h_4e,品牌男装,运动套装,¥128.00,¥107.00
[含莫代尔]柒牌T恤男2022夏季薄款虎头圆领绣花休闲百搭短袖体恤122TJ71430双12品牌甄选，秋冬特惠专区3折,https://imgservice5.suning.cn/uimg1/b2c/image/eOqPiekwm415hpygDq1BBQ.jpg_400w_400h_4e,品牌男装,运动套装,¥117.00,¥87.00
FISH BASKET夏季速干短袖网眼透气男装加肥加大码翻领polo衫肥佬半袖宽松T恤潮流服饰品牌，售后无忧，非定制产品支持七天无理由退换,https://imgservice3.suning.cn/uimg1/b2c/image/7GhapcwwilmACI4WZrinvQ.jpg_400w_400h_4e,品牌男装,运动套装,¥127.00,¥97.00
[中邮联名]柒牌男装T恤夏季新款国潮透气肤圆领半袖双12品牌甄选，秋冬特惠专区3折,https://imgservice1.suning.cn/uimg1/b2c/image/JfKQPaV1_nc4IIBJlGaFcA.jpg_400w_400h_4e,品牌男装,运动套装,¥123.00,¥87.00
FISH BASKET镂空防晒衣男士薄款夏季防晒服冰丝跑步透气外套衣服潮短款防晒衫潮流服饰品牌，售后无忧，非定制产品支持七天无理由退换,https://imgservice2.suning.cn/uimg1/b2c/image/OSdRcaooBMrsPfPnDwQ-AA.jpg_400w_400h_4e,品牌男装,运动套装,¥101.00,¥96.00
柒牌男装短袖POLO衫2022夏季休闲短袖男士弹力轻薄透气翻领T恤双12品牌甄选，秋冬特惠专区3折,https://imgservice4.suning.cn/uimg1/b2c/image/rigDSdCMEK5PblCME_-BZQ.jpg_400w_400h_4e,品牌男装,运动套装,¥112.00,¥82.00
FISH BASKET假两件冰丝短袖t恤男士夏季潮流潮牌红色半袖体恤个性凉感上衣服潮流服饰品牌，售后无忧，非定制产品支持七天无理由退换,https://imgservice1.suning.cn/uimg1/b2c/image/yxAVjJ5z-Dqf0VQn77Hb3Q.jpg_400w_400h_4e,品牌男装,运动套装,¥117.00,¥105.00
[中国联名款]柒牌男装春夏季短袖时尚国潮刺绣弹力透气T恤120T72000双12品牌甄选，秋冬特惠专区3折,https://imgservice4.suning.cn/uimg1/b2c/image/DW18a1AHD_VnJ2RxsF62uQ.jpg_400w_400h_4e,品牌男装,时尚套装,¥110.00,¥84.00
柒牌男装POLO衫男2022春季男士长袖T恤纯色舒适上衣polo衫双12品牌甄选，秋冬特惠专区3折,https://imgservice4.suning.cn/uimg1/b2c/image/1rLiBNXZmxeUG99R_793IQ.jpg_400w_400h_4e,品牌男装,时尚套装,¥116.00,¥103.00
柒牌 [弹力莫代尔]2022夏装 柔软透气圆领纯色男士短袖T恤双12品牌甄选，秋冬特惠专区3折,https://imgservice2.suning.cn/uimg1/b2c/image/g55A4VZja3UH3uNNCQivDA.jpg_400w_400h_4e,品牌男装,时尚套装,¥104.00,¥102.00
FISH BASKET衣服夏季男2022新款字母印花短袖t恤男士修身半袖体恤衫上衣潮流服饰品牌，售后无忧，非定制产品支持七天无理由退换,https://imgservice2.suning.cn/uimg1/b2c/image/Qy_HqkPAGgAF1inNoj0jZA.jpg_400w_400h_4e,品牌男装,时尚套装,¥145.00,¥82.00
皮尔卡丹品牌男装立领夹克男士外套加厚款茄克衫商务休闲大码上衣服2021新款2021新款上市 7天无理由免费退换货 送运费险,https://imgservice5.suning.cn/uimg1/b2c/image/Vo763riNH5hDKv-yuhb2Xg.jpg_400w_400h_4e,品牌男装,时尚套装,¥107.00,¥108.00
FISH BASKETt恤男短袖夏季新款韩版潮牌圆领假两件半袖ins潮宽松衣服男士体恤潮流服饰品牌，售后无忧，非定制产品支持七天无理由退换,https://imgservice4.suning.cn/uimg1/b2c/image/HlS3Z94CNG3G4tf0Xz7-nw.jpg_400w_400h_4e,品牌男装,时尚套装,¥141.00,¥103.00
FISH BASKET美式街头复古短袖男夏季潮ins百搭衣服嘻哈设计感小众情侣t恤潮流服饰品牌，售后无忧，非定制产品支持七天无理由退换,https://imgservice3.suning.cn/uimg1/b2c/image/EZDXlI4cC8qTEGiDpx7vFA.jpg_400w_400h_4e,品牌男装,时尚套装,¥134.00,¥99.00
柒牌男装茄克衫男士外套秋新款商务休闲百搭长袖格纹棒球领夹克上衣121JK70460双12品牌甄选，秋冬特惠专区3折,https://imgservice3.suning.cn/uimg1/b2c/image/dxjFlC0moz8mXHh3ExXCZg.jpg_400w_400h_4e,品牌男装,时尚套装,¥112.00,¥89.00
皮尔卡丹品牌男装格纹夹克中年男士外套棒球领时尚休闲大码上衣服2021秋天新款2021新款上市 7天无理由免费退换货 送运费险,https://imgservice4.suning.cn/uimg1/b2c/image/-DP2R-HoQHE7iESrgygNGA.jpg_400w_400h_4e,品牌男装,西服套装,¥118.00,¥99.00
皮尔卡丹品牌男装夹棉厚款夹克男士外套茄克衫商务休闲中青年上衣服2021新款2021新款上市 7天无理由免费退换货 送运费险,https://imgservice3.suning.cn/uimg1/b2c/image/txTfvPJcxuoD0ry05PRiKg.jpg_400w_400h_4e,品牌男装,西服套装,¥114.00,¥120.00
皮尔卡丹品牌男装棒球领格子夹克中青年男士外套日系休闲上衣服2021秋季新款2021新款上市 7天无理由免费退换货 送运费险,https://imgservice5.suning.cn/uimg1/b2c/image/OHs_n6rx5XkJqIFAwDnnhg.jpg_400w_400h_4e,品牌男装,西服套装,¥139.00,¥94.00
皮尔卡丹品牌男装格纹夹克男士外套棒球领商务休闲中年上衣服2021秋季新款2021新款上市 7天无理由免费退换货 送运费险,https://imgservice4.suning.cn/uimg1/b2c/image/J7WC_OL0NlX5Rn1CgcXgeg.jpg_400w_400h_4e,品牌男装,西服套装,¥132.00,¥85.00
皮尔卡丹品牌男装夹克中青年男士外套棒球领日系休闲上衣服2021秋季新款2021新款上市 7天无理由免费退换货 送运费险,https://imgservice2.suning.cn/uimg1/b2c/image/CjFEC9FlN96PTWJoZAsScQ.jpg_400w_400h_4e,品牌男装,西服套装,¥101.00,¥119.00
皮尔卡丹品牌男装棒球领夹克中年男士外套印字母图案商务休闲上衣服2021新款2021新款上市 7天无理由免费退换货 送运费险,https://imgservice3.suning.cn/uimg1/b2c/image/zQUwQNhYOmX4VueUYKUatA.jpg_400w_400h_4e,品牌男装,西服套装,¥116.00,¥81.00
恒源祥品牌男装2021秋新款夹克男士外套棒球领时尚休闲大码上衣服2021秋冬新款，商务时尚夹克外套男，送运费险！7天无理由退换货！,https://imgservice5.suning.cn/uimg1/b2c/image/Idd7FhJh-ljdIQQacn-U0Q.jpg_400w_400h_4e,品牌男装,西服套装,¥107.00,¥109.00
皮尔卡丹品牌男装2021秋新款夹克男士外套棒球领时尚休闲大码上衣服2021新款上市 7天无理由免费退换货 送运费险,https://imgservice2.suning.cn/uimg1/b2c/image/mVC-Bx_hKNMDEVOgnlLJrA.jpg_400w_400h_4e,品牌男装,西服套装,¥105.00,¥84.00
斯哲维世旗舰店品牌男装套装华夫格冰丝夏季休闲两件套翻领无痕短袖T恤运动长裤专柜正品支持7天无理由退换，产品需保养1-5天发货，职业打假人士请绕道，坚决不赔偿,https://imgservice2.suning.cn/uimg1/b2c/image/BDZqZ1nZxCBS7lQA4K9LCg.jpg_400w_400h_4e,品牌男装,西服套装,¥125.00,¥84.00
FISH BASKET刺绣翻领外套男春秋季复古日系boy工装夹克ins高街潮牌上衣服潮流服饰品牌，售后无忧，非定制产品支持七天无理由退换,https://imgservice4.suning.cn/uimg1/b2c/image/R7QKIa9SfmrISmL7buVixw.jpg_400w_400h_4e,品牌男装,西服套装,¥117.00,¥101.00
柒牌男装短袖polo衫2022夏季新款撞色商务休闲百搭上衣男120JT71070双12品牌甄选，秋冬特惠专区3折,https://imgservice4.suning.cn/uimg1/b2c/image/SME7JGiLOs5XRUvInlLDfg.jpg_400w_400h_4e,品牌男装,西服套装,¥141.00,¥82.00
多款任选 正品牧绒多斯羊绒连衣裙女春秋打底衫女2023春秋新款世界大牌气质修身针织毛衣裙女装宽松内搭春秋针织衫女裙,https://uimgproxy.suning.cn/uimg1/sop/commodity/P5eKJHfDLThevz1LdKqBxw.jpg?format=400w_600h_1e,品牌女装,时尚套装,¥319.00,¥384.00
紫雨琪品牌大码女装夏季2023年新款减龄遮肚子显瘦碎花裙子洋气遮肉(保养1-5天发货),http://uimgproxy.suning.cn/uimg1/sop/commodity/8lVewZLWFvvtXFl7GKX79A.jpg?format=400w_600h_1e,品牌女装,时尚套装,¥557.00,¥489.00
紫雨琪品牌大码女装夏季2023年新款胖mm遮肚宽松连衣裙显瘦裙子气质洋气遮肉(保养1-5天发货),http://uimgproxy.suning.cn/uimg1/sop/commodity/RJZL_CpTfQ3JJ_J1oclPYg.jpg?format=400w_600h_1e,品牌女装,时尚套装,¥529.00,¥280.00
紫雨琪品牌大码女装夏季胖妹妹遮肚显瘦连衣裙梨形身材微胖mm气质修身裙(保养1-5天发货),http://uimgproxy.suning.cn/uimg1/sop/commodity/ejhoF5181dRQFHIPUHEt4w.jpg?format=400w_600h_1e,品牌女装,时尚套装,¥416.00,¥333.00
紫雨琪品牌大码女装夏季遮肚子显瘦连衣裙胖妹妹韩版中长款收腰时尚翻领(保养1-5天发货),http://uimgproxy.suning.cn/uimg1/sop/commodity/Mza8vFrrqY4OCw2Vucqhcw.jpg?format=400w_600h_1e,品牌女装,时尚套装,¥698.00,¥392.00
紫雨琪品牌大码女装夏季2023新款中年高贵减龄丝绸连衣裙子显瘦遮肚子(保养1-5天发货),http://uimgproxy.suning.cn/uimg1/sop/commodity/ibLRSXbfgtQKJWLSwHTdlA.jpg?format=400w_600h_1e,品牌女装,时尚套装,¥542.00,¥329.00
紫雨琪品牌大码女装夏季2023新款连衣裙高端夏胖mm大码时尚洋气裙子(保养1-5天发货),http://uimgproxy.suning.cn/uimg1/sop/commodity/MhypaoAiNyleMJmUinfcDQ.jpg?format=400w_600h_1e,品牌女装,时尚套装,¥621.00,¥308.00
紫雨琪品牌大码女装夏季2023款真丝裙子高端时尚遮肚显瘦桑蚕丝连衣裙女(保养1-5天发货),http://uimgproxy.suning.cn/uimg1/sop/commodity/H4Zl0d8lc5WyEIzNQ9d_WA.jpg?format=400w_600h_1e,品牌女装,时尚套装,¥433.00,¥294.00
紫雨琪品牌大码女装夏季正宗龟裂纹香云纱真丝连衣裙女新款中年减龄气质长裙(保养1-5天发货),http://uimgproxy.suning.cn/uimg1/sop/commodity/YUQ-e76ESmdVJrtctgniZQ.jpg?format=400w_600h_1e,品牌女装,时尚套装,¥353.00,¥285.00
紫雨琪品牌大码女装夏季直筒连衣裙妈妈减龄2023新款加肥加大码显瘦遮肚裙子(保养1-5天发货),http://uimgproxy.suning.cn/uimg1/sop/commodity/Dr0TQnKiKwOrHfBzLTXB2A.jpg?format=400w_600h_1e,品牌女装,外套,¥316.00,¥453.00
紫雨琪品牌大码女装夏季真丝桑蚕丝连衣裙高端大码宽松遮肚子妈妈复古中长裙(保养1-5天发货),http://uimgproxy.suning.cn/uimg1/sop/commodity/-1s8cZrhWR3ST5rqlS6UpQ.jpg?format=400w_600h_1e,品牌女装,外套,¥541.00,¥250.00
紫雨琪品牌大码女装夏季碎花连衣裙女2023新款气质雪纺裙遮肉显瘦收腰裙子(保养1-5天发货),http://uimgproxy.suning.cn/uimg1/sop/commodity/MTjuHWJfsiMGG0wEdknb_A.jpg?format=400w_600h_1e,品牌女装,外套,¥422.00,¥498.00
紫雨琪品牌大码女装夏季2023新款连衣裙女大码宽松遮肚显瘦高端年轻款(保养1-5天发货),http://uimgproxy.suning.cn/uimg1/sop/commodity/l6IxnHHI5wNsIHl6AQrjcA.jpg?format=400w_600h_1e,品牌女装,外套,¥503.00,¥330.00
品牌连衣裙女2023夏季新款女装圆领纽扣黑色拼接名媛气质收腰裙子,http://uimgproxy.suning.cn/uimg1/sop/commodity/jJdaxLc1P65OT9T446ly3Q.jpg?format=400w_600h_1e,品牌女装,外套,¥666.00,¥310.00
紫雨琪品牌连衣裙新款2023高冷范女装气质高级感夏装轻奢高端裙子职场轻熟风(保养1-5天发货),http://uimgproxy.suning.cn/uimg1/sop/commodity/tUczlSnx9oeX3qPfhZwYcQ.jpg?format=400w_600h_1e,品牌女装,外套,¥568.00,¥303.00
品牌2023春季新款法式高级感女装冷淡风气质名媛收腰显瘦连衣裙女,http://uimgproxy.suning.cn/uimg1/sop/commodity/uwYMm8ALrJff-5_WM5UN-w.jpg?format=400w_600h_1e,品牌女装,外套,¥389.00,¥477.00
品牌连衣裙女夏季2023年新款女装洋气时尚减龄polo领中长款裙子潮,http://uimgproxy.suning.cn/uimg1/sop/commodity/K-42xIzoSjTqZxuFrBaAdA.jpg?format=400w_600h_1e,品牌女装,外套,¥426.00,¥200.00
紫雨琪品牌连衣裙新款2023雪纺夏季女装收腰显瘦长款过膝大摆气质碎花长裙(保养1-5天发货),http://uimgproxy.suning.cn/uimg1/sop/commodity/zrDjWuVUCPDJXEarR9_e4w.jpg?format=400w_600h_1e,品牌女装,连衣裙,¥664.00,¥436.00
品牌高级感连衣裙女2023夏季新款女装小个子法式显瘦气质中长裙子,http://uimgproxy.suning.cn/uimg1/sop/commodity/R9Ku9T0gWU5q8wjFAkeGMA.jpg?format=400w_600h_1e,品牌女装,连衣裙,¥563.00,¥219.00
紫雨琪品牌连衣裙新款2023遮肚显瘦女装雪纺印花大摆长款过膝时尚气质裙子(保养1-5天发货),http://uimgproxy.suning.cn/uimg1/sop/commodity/gDS2wPWRuxh7AVT6AzLsXw.jpg?format=400w_600h_1e,品牌女装,连衣裙,¥553.00,¥422.00
紫雨琪品牌连衣裙新款2023雪纺V领夏季女装收腰显瘦长款大摆时尚气质裙子(保养1-5天发货),http://uimgproxy.suning.cn/uimg1/sop/commodity/qPPZ9Qdzf-nDKBtBQLszZw.jpg?format=400w_600h_1e,品牌女装,连衣裙,¥429.00,¥310.00
紫雨琪品牌显瘦遮肚子套装2023新款大码女装夏季妈妈休闲减龄时尚气质两件套(保养1-5天发货),http://uimgproxy.suning.cn/uimg1/sop/commodity/psmIx6-HosSHe5ThfHadTA.jpg?format=400w_600h_1e,品牌女装,连衣裙,¥670.00,¥200.00
紫雨琪品牌2023新款中年妈妈夏季雪纺碎花裙子中老年女装洋气短袖连衣裙(保养1-5天发货),http://uimgproxy.suning.cn/uimg1/sop/commodity/FYxw1U0vw7IeMhNzUZiJOA.jpg?format=400w_600h_1e,品牌女装,连衣裙,¥376.00,¥367.00
紫雨琪品牌妈妈夏装旗袍连衣裙2023新款洋气50岁中老年女装夏季国风缎面裙子(保养1-5天发货),http://uimgproxy.suning.cn/uimg1/sop/commodity/I2ci1TKMFfn60Sz_vVvsUw.jpg?format=400w_600h_1e,品牌女装,连衣裙,¥335.00,¥246.00
紫雨琪品牌2023新款中老年妈妈减龄夏装气质连衣裙中年女装洋气大码遮肚显瘦(保养1-5天发货),http://uimgproxy.suning.cn/uimg1/sop/commodity/wKHWReNZcyDRKs_6nkzjcg.jpg?format=400w_600h_1e,品牌女装,连衣裙,¥502.00,¥431.00
紫雨琪品牌显瘦遮肚子套装2023新款夏季大码女装高端减龄时尚洋气两件套(保养1-5天发货),http://uimgproxy.suning.cn/uimg1/sop/commodity/6AUB66d4YuYPrg3WRoZCWw.jpg?format=400w_600h_1e,品牌女装,连衣裙,¥505.00,¥268.00
紫雨琪品牌连衣裙新款2023夏天减龄年轻款超重磅女装时尚高端气质名媛裙子(保养1-5天发货),http://uimgproxy.suning.cn/uimg1/sop/commodity/m_NlRM7pNIGewzfPeqSgWw.jpg?format=400w_600h_1e,品牌女装,连衣裙,¥316.00,¥354.00
紫雨琪品牌连衣裙新款2023夏天高端时尚气质雪纺女装遮肚显瘦裙子贵夫人减龄(保养1-5天发货),http://uimgproxy.suning.cn/uimg1/sop/commodity/EVKTCQ_52TvMEL3L8SIQ7A.jpg?format=400w_600h_1e,品牌女装,连衣裙,¥401.00,¥286.00
紫雨琪品牌妈妈夏装短袖雪纺连衣裙2023新款50岁中老年女装夏季洋气裙子大码(保养1-5天发货),http://uimgproxy.suning.cn/uimg1/sop/commodity/3pQuUxeGO-1WXB3PeycLHQ.jpg?format=400w_600h_1e,品牌女装,连衣裙,¥337.00,¥494.00
紫雨琪品牌显瘦遮肚子套装减龄洋气休闲大码女装贵夫人时尚气质洋气两件套(保养1-5天发货),http://uimgproxy.suning.cn/uimg1/sop/commodity/imyTqzfPv6NPHOO1CvGfwA.jpg?format=400w_600h_1e,品牌女装,连衣裙,¥371.00,¥358.00
Apple MagSafe 无线充电器 手机磁吸充电器 支持iPhone 12和13系列 15W快速充电全新 MagSafe 系列配件色彩丰富，无线充电，一贴即合，让你的 iPhone 更显个性,https://imgservice5.suning.cn/uimg1/b2c/image/H2EukYCs9wNuCAdihjzazA.jpg_400w_400h_4e,手机配件,手机贴,¥57.00,¥36.00
游猎者适用 vivoX21闪充充电线快充数据线x21手机专用快充线安卓线上网上街上苏宁,https://imgservice1.suning.cn/uimg1/b2c/image/oBZu6OXk3H2JcZzqF27TMw.jpg_400w_400h_4e,手机配件,手机贴,¥63.00,¥60.00
游猎者一拖三数据线多头手机安卓适用于苹果type充电三合一充电线上网上街上苏宁,https://imgservice2.suning.cn/uimg1/b2c/image/vc9EZiKqCOlGlGSL9HfqyQ.jpg_400w_400h_4e,手机配件,手机贴,¥81.00,¥70.00
游猎者液态软胶数据线三合一手机充电线器苹果一拖三iphone三合一多功能新商品上架,https://imgservice5.suning.cn/uimg1/b2c/image/t7wb9Ey5uB19RIT2an9g-w.jpg_400w_400h_4e,手机配件,手机贴,¥117.00,¥55.00
小米Type-C充电器快充版20W安卓苹果华为小米手机适配器充电头原装官方正品配件 小米Type-C充电器快充版20W20W大功率，兼容多种快充协议，100-240V宽电压， 多重安全保护，支持苹果12,https://imgservice3.suning.cn/uimg1/b2c/image/F3TOeYTYIRStwicKT_OD_Q.jpg_400w_400h_4e,手机配件,手机贴,¥68.00,¥49.00
游猎者适用一加8T闪充数据线65W瓦1+加OnePlus8t手机Warp双type-c充电线上网上街上苏宁,https://imgservice1.suning.cn/uimg1/b2c/image/-fRa8vs9gUqb7aRzvi0-VQ.png_400w_400h_4e,手机配件,手机贴,¥91.00,¥48.00
游猎者6A超级快充一拖三适用华为OPPO安卓苹果手机三合一5A数据线充电线type-c充电线器新商品上架,https://imgservice5.suning.cn/uimg1/b2c/image/O9sNY-U4agT1JNmBSMz1cA.jpg_400w_400h_4e,手机配件,手机贴,¥73.00,¥40.00
[买2送1]轻万适用苹果11promax手机壳支架xr桌面手机架7/8plus懒人指环扣拍照金属环华为p20手机座粘性强，大环扣，解放双手,https://imgservice5.suning.cn/uimg1/b2c/image/Qk1iSPlR-hlj4Bn30G5JIg==.jpg_400w_400h_4e,手机配件,手机贴,¥82.00,¥49.00
Apple 苹果 MagSafe 无线充电器套装 手机磁吸充电器 15W快速充电 适用于12 13 14系列全新 MagSafe 系列配件色彩丰富，无线充电，一贴即合，让你的 iPhone 更显个性,https://imgservice2.suning.cn/uimg1/b2c/image/lNInNAuNREGxnlA9FHsK3A.png_400w_400h_4e,手机配件,手机贴,¥106.00,¥46.00
游猎者OPPOA32 A52 A72 K7快充数据线手机适用安卓充电线Type-C加上网上街上苏宁,https://imgservice4.suning.cn/uimg1/b2c/image/phq7a15s60Wgcmc4QN1xVg.jpg_400w_400h_4e,手机配件,手机贴,¥111.00,¥51.00
游猎者充电线三合一数据线快充器一拖三伸缩车载安卓适用华为苹果手机12上网上街上苏宁,https://imgservice5.suning.cn/uimg1/b2c/image/8mdD5yQeGA5M17Oc_og1Kw.jpg_400w_400h_4e,手机配件,手机贴,¥61.00,¥36.00
游猎者适用typec数据线华为mate2010手机p30p20pro5A超级快充安卓充电线上网上街上苏宁,https://imgservice5.suning.cn/uimg1/b2c/image/dMFKzjJV9bE0RpeMN531Ig.jpg_400w_400h_4e,手机配件,耳机,¥102.00,¥51.00
可波 三星S20手机壳Galaxy note20ultra防滑保护套S20+/S10+保护圈防摔硅胶软边硬壳铠甲支架壳 三星note20ultra黑色真机测试 孔位准确 送钢化膜 品质保证,https://imgservice2.suning.cn/uimg1/b2c/image/SBMjrh3TMYIxTXG7DdUGZg.jpg_400w_400h_4e,手机配件,耳机,¥55.00,¥33.00
Apple 苹果原装PD快充线iphone13/12ProMax/11/xs数据线PD20w头充电线 苹果快充线1米 苹果快充线1米可搭配20W电源适配器给闪电接口IOS设备实现快速充电；Apple原厂配件,https://imgservice3.suning.cn/uimg1/b2c/image/9CyzqWAW_p5ZACZHWMag4Q.jpg_400w_400h_4e,手机配件,耳机,¥89.00,¥48.00
可波 [壳+膜]红米K40Pro手机壳redmik40渐变钢化玻璃保护套K硅胶软边边框小米防摔全包5g版k40por网红 K40pro粉蓝美观时尚 真机测试 孔位准确 品质保证,https://imgservice5.suning.cn/uimg1/b2c/image/FH5Ki86QDzrnOlxVPgi2gA.jpg_400w_400h_4e,手机配件,耳机,¥101.00,¥65.00
游猎者适用OPPOa9充电线a9充电器插头快充a9数据线a9手机专用上网上街上苏宁,https://imgservice3.suning.cn/uimg1/b2c/image/x1EB0498VkQ3XhcPWCjS3g.jpg_400w_400h_4e,手机配件,耳机,¥67.00,¥49.00
oppok3适用r17手机reno充电器20w头r15闪充r11快充r9sk四代数据线 R11适用充电器+适用数据线新商品上架,https://imgservice2.suning.cn/uimg1/b2c/image/Ovd7NzHWK_uFubdGrcTB8g.jpg_400w_400h_4e,手机配件,耳机,¥63.00,¥35.00
游猎者苹果手机充电线6/5s/7/6s/8plus数据线SE/iPhoneX快充加长xrs闪充上网上街上苏宁,https://imgservice3.suning.cn/uimg1/b2c/image/Onz7hCbNFGIT_SKJqsnBeg.jpg_400w_400h_4e,手机配件,耳机,¥83.00,¥57.00
VMONN荣耀50手机壳全包防摔华为荣耀50pro手机套硅胶金属边框honor50保护壳欧美时尚款荣耀50se外壳新款男金属硅胶二合一，全包镜头，送膜送工具,https://imgservice2.suning.cn/uimg1/b2c/image/WSgvKunrycDf1-YkCnF4nA.jpg_400w_400h_4e,手机配件,耳机,¥69.00,¥70.00
华为mate30荣耀v30pro充电器适用40w快充手机mte30pro数据线旅充 5A超级快充2米套装新商品上架,https://imgservice1.suning.cn/uimg1/b2c/image/o5ggLfKZ101WTheraJxWYg.jpg_400w_400h_4e,手机配件,耳机,¥76.00,¥53.00
华为mate30荣耀v30pro充电器适用40w快充手机mte30pro数据线旅充 40W超级快充套装新商品上架,https://imgservice2.suning.cn/uimg1/b2c/image/Kao0nK1I9pvnLRwtzzGEjA.jpg_400w_400h_4e,手机配件,耳机,¥112.00,¥48.00
特价oppoR9/m充电线r11/R7s/a79手机数据线opop快冲电源器线opa 1米闪充线[2条] 其他新商品上架,https://imgservice1.suning.cn/uimg1/b2c/image/KKCjC4G1qHvQGfaN2obT5w.jpg_400w_400h_4e,手机配件,耳机,¥100.00,¥70.00
游猎者适用华为5A数据线typec超级快充线6A66W闪充40W手机充电线mate40/30pro安卓5A/6A超大电流 安全充电 不伤手机 品质保证,https://imgservice5.suning.cn/uimg1/b2c/image/Js86RGcgOmhVT4XdRQ6Rcw.jpg_400w_400h_4e,手机配件,手机壳,¥54.00,¥36.00
游猎者苹果数据线6s/7/8/Plus原装手机充电线x/xr/11通用快充加长iPad上网上街上苏宁,https://imgservice2.suning.cn/uimg1/b2c/image/jwlQzifgfQ0wzb3zNQLJFA.jpg_400w_400h_4e,手机配件,手机壳,¥91.00,¥51.00
"安美宝 红米note8pro手机壳k20全包边小米9硅胶软保护套小米cc9个性创意红米note7潮磨砂超薄网红磁吸布纹质感,防水防摔,车吸指环",https://imgservice1.suning.cn/uimg1/b2c/image/fkc8eZ88MK-w5l055d3rIA.jpg_400w_400h_4e,手机配件,手机壳,¥62.00,¥58.00
华为荣耀8青春版手机壳磨砂黑色软壳PRAAL00外壳防摔honor8lite软硅胶全包荣耀八lite保护套PRA-AL0上网上街上苏宁,https://imgservice3.suning.cn/uimg1/b2c/image/YN1ihjMu7pgnJuIcNxLClg.jpg_400w_400h_4e,手机配件,手机壳,¥88.00,¥45.00
华为原装充电底座线儿童电话手表4X 4Pro充电器/荣耀手表ES/智能手表FIT2/荣耀手环6充电底座充电线通用配件7华为原装充电底座线,https://imgservice3.suning.cn/uimg1/b2c/image/fyTwLUNKS11NCrlSi06oMw.jpg_400w_400h_4e,手机配件,手机壳,¥90.00,¥41.00
VMONN三星note20手机壳s20保护套s20ultra防摔s20+硅胶note20ultra全包软壳s20u超薄外皮纹触感 轻薄防摔,https://imgservice1.suning.cn/uimg1/b2c/image/vytTSWK0UWYnOaxtY77L0g.jpg_400w_400h_4e,手机配件,手机壳,¥86.00,¥32.00
游猎者66w快充一拖三数据线三合一充电线手机线tpyec适用安卓苹果typec新商品上架,https://imgservice2.suning.cn/uimg1/b2c/image/YHbTXwEs6pzOhLi-XMa6-A.jpg_400w_400h_4e,手机配件,手机壳,¥61.00,¥61.00
游猎者安卓快充数据线适用华为红米快充vivo魅族国产手机通用加长充电线上网上街上苏宁,https://imgservice2.suning.cn/uimg1/b2c/image/LDNdy2cFhpkMoSU-3VnNHA.jpg_400w_400h_4e,手机配件,手机壳,¥97.00,¥34.00
七斓童鞋男运动鞋新款春秋网面透气潮流儿童跑步鞋中大童休闲鞋子运动休闲鞋支持无理由退换货，品质保障，请放心购买！,https://imgservice1.suning.cn/uimg1/b2c/image/QBBeztCX0LUBWyeCpABUjQ.jpg_400w_400h_4e,童装童鞋,裙子,¥94.00,¥51.00
七斓童鞋男童鞋子2022秋季透气5女童1-3岁宝宝鞋2皮面单鞋小童老爹鞋4运动休闲鞋支持无理由退换货，品质保障，请放心购买！,https://imgservice2.suning.cn/uimg1/b2c/image/fwSKBm4YmsDIqimI-QzZ2Q.jpg_400w_400h_4e,童装童鞋,裙子,¥98.00,¥46.00
七斓女童板鞋2022新款韩版小白鞋秋冬板鞋女大童鞋子透气粉色秋鞋运动运动休闲鞋支持无理由退换货，品质保障，请放心购买！,https://imgservice3.suning.cn/uimg1/b2c/image/W1FB-T7h9BOOt-peNpjtQw.jpg_400w_400h_4e,童装童鞋,裙子,¥126.00,¥68.00
七斓女童鞋子2022春秋新款运动鞋儿童旋转纽扣老爹中大童跑步秋季女孩运动休闲鞋支持无理由退换货，品质保障，请放心购买！,https://imgservice2.suning.cn/uimg1/b2c/image/_aWtbSQoZlfkbdZUMtX44Q.jpg_400w_400h_4e,童装童鞋,裙子,¥129.00,¥51.00
七斓红星鸿星女童鞋运动鞋春秋透气老爹鞋中大童女孩网鞋夏季旋转纽扣运动休闲鞋支持无理由退换货，品质保障，请放心购买！,https://imgservice2.suning.cn/uimg1/b2c/image/Ijp4UiLwmfSu0tXjvWDchw.jpg_400w_400h_4e,童装童鞋,裙子,¥62.00,¥79.00
七斓儿童鞋女款男童2022春秋新款板鞋女童透气网鞋小孩单鞋老爹鞋轻便运动休闲鞋支持无理由退换货，品质保障，请放心购买！,https://imgservice1.suning.cn/uimg1/b2c/image/yP4Xth13Z7aRzb49bLN3dQ.jpg_400w_400h_4e,童装童鞋,裙子,¥105.00,¥47.00
七斓女童鞋男童运动鞋春秋季2022新款中大童透气网鞋韩版儿童休闲鞋子运动休闲鞋支持无理由退换货，品质保障，请放心购买！,https://imgservice2.suning.cn/uimg1/b2c/image/yI5xNb4q1ppLZAlF4x2_4Q.jpg_400w_400h_4e,童装童鞋,裙子,¥85.00,¥59.00
七斓女童鞋小白鞋夏季新款儿童运动鞋网面透气镂空小女孩鞋子大童网鞋运动休闲鞋支持无理由退换货，品质保障，请放心购买！,https://imgservice4.suning.cn/uimg1/b2c/image/kf8B5w-S0dFfDnikLO5_AQ.jpg_400w_400h_4e,童装童鞋,裙子,¥112.00,¥73.00
七斓儿童运动鞋宝宝鞋子春秋季新款童鞋透气网鞋跑步鞋2022鞋女童新款运动休闲鞋支持无理由退换货，品质保障，请放心购买！,https://imgservice2.suning.cn/uimg1/b2c/image/3SgdTYlWAB3sksTmTXQv3A.jpg_400w_400h_4e,童装童鞋,汉服,¥76.00,¥73.00
七斓卡通儿童运动鞋新款秋季男童女童透气网面宝宝袜子鞋小中童鞋子潮运动休闲鞋支持无理由退换货，品质保障，请放心购买！,https://imgservice5.suning.cn/uimg1/b2c/image/zlYkC1ftgAF_Zr76tNfZ4w.jpg_400w_400h_4e,童装童鞋,汉服,¥106.00,¥61.00
七斓童鞋女童运动鞋2022春新款老爹鞋中大童男童魔术贴休闲鞋双网网鞋运动休闲鞋支持无理由退换货，品质保障，请放心购买！,https://imgservice1.suning.cn/uimg1/b2c/image/9Y_CABbGLQACPcb0l23phw.jpg_400w_400h_4e,童装童鞋,汉服,¥109.00,¥57.00
七斓女童鞋子透气软底中大童单鞋儿童板鞋2022男童春秋款休闲运动鞋运动休闲鞋支持无理由退换货，品质保障，请放心购买！,https://imgservice4.suning.cn/uimg1/b2c/image/ZYVyxG4xlWTPHc8prelQAA.jpg_400w_400h_4e,童装童鞋,汉服,¥72.00,¥66.00
七斓2022春季新款童鞋男童运动鞋休闲鞋防滑透气儿童运动鞋女儿童网鞋运动休闲鞋支持无理由退换货，品质保障，请放心购买！,https://imgservice5.suning.cn/uimg1/b2c/image/FxR6JGXBC8FKKT6vQ1aVvA.jpg_400w_400h_4e,童装童鞋,汉服,¥100.00,¥48.00
七斓轻便男童鞋春秋款2022新款儿童篮球鞋学生潮韩版老爹鞋女童运动鞋运动休闲鞋支持无理由退换货，品质保障，请放心购买！,https://imgservice3.suning.cn/uimg1/b2c/image/D47H08_DUDljohxf1VyKBw.jpg_400w_400h_4e,童装童鞋,汉服,¥123.00,¥73.00
七斓潮牌新款春夏男童鞋运动鞋休闲带灯儿童女小童字母网面透气发光鞋运动休闲鞋支持无理由退换货，品质保障，请放心购买！,https://imgservice3.suning.cn/uimg1/b2c/image/gaDrgfOPsArQQyy2sdVt8Q.jpg_400w_400h_4e,童装童鞋,汉服,¥125.00,¥53.00
七斓儿童运动鞋女2022春秋新款软底女童鞋子皮面女生小白鞋男童跑步鞋运动休闲鞋支持无理由退换货，品质保障，请放心购买！,https://imgservice2.suning.cn/uimg1/b2c/image/Gk0AROZay9yOz_XTrtbyrg.jpg_400w_400h_4e,童装童鞋,汉服,¥125.00,¥68.00
七斓女童运动鞋2022新款秋季儿童鞋子学生女鞋春秋休闲百搭女孩小白鞋运动休闲鞋支持无理由退换货，品质保障，请放心购买！,https://imgservice1.suning.cn/uimg1/b2c/image/zmMkYhvuJo9LzNlbHzfDjg.jpg_400w_400h_4e,童装童鞋,汉服,¥77.00,¥59.00
七斓2022春季新款儿童老爹鞋韩版女童透气小白鞋网面镂空百搭休闲童鞋运动休闲鞋支持无理由退换货，品质保障，请放心购买！,https://imgservice2.suning.cn/uimg1/b2c/image/u3921vJ_DSRPNwIXN4h0Mw.jpg_400w_400h_4e,童装童鞋,汉服,¥105.00,¥52.00
七斓毛毛虫女童鞋子网布透气儿运动鞋软底宝宝袜子鞋小童网布男童鞋运动休闲鞋支持无理由退换货，品质保障，请放心购买！,https://imgservice1.suning.cn/uimg1/b2c/image/E5dXdH0plfPQZjVoiDFfCQ.jpg_400w_400h_4e,童装童鞋,汉服,¥124.00,¥68.00
七斓女童鞋子春秋季2022年新款女童老爹鞋中大童小女孩运动鞋儿童网鞋运动休闲鞋支持无理由退换货，品质保障，请放心购买！,https://imgservice3.suning.cn/uimg1/b2c/image/OG8zjzV7MuifkFx3-RrudQ.jpg_400w_400h_4e,童装童鞋,汉服,¥115.00,¥41.00
七斓童鞋男童小白鞋儿童白色运动鞋女童夏季单网鞋网面透气中大童运动休闲鞋支持无理由退换货，品质保障，请放心购买！,https://imgservice5.suning.cn/uimg1/b2c/image/Zf29UQQszDdY5PLTjipFeg.jpg_400w_400h_4e,童装童鞋,演出服,¥61.00,¥75.00
七斓小黄鸭童鞋男童鞋秋款2022春秋新款中大童网面透气网鞋儿童运动鞋运动休闲鞋支持无理由退换货，品质保障，请放心购买！,https://imgservice4.suning.cn/uimg1/b2c/image/Soo6KSA0kV862xOYqaumPg.jpg_400w_400h_4e,童装童鞋,演出服,¥75.00,¥68.00
七斓儿童小白鞋男童鞋子2021春秋新款中大童网面透气小学生女童运动鞋运动休闲鞋支持无理由退换货，品质保障，请放心购买！,https://imgservice4.suning.cn/uimg1/b2c/image/oj8OaFl5IQDyacSpxQRyFQ.jpg_400w_400h_4e,童装童鞋,演出服,¥77.00,¥76.00
七斓童鞋男童运动鞋小学生儿童鞋子休闲大童男鞋网面透气软底男孩网鞋运动休闲鞋支持无理由退换货，品质保障，请放心购买！,https://imgservice2.suning.cn/uimg1/b2c/image/e0zl3A4Tquz_2rlZSEspWg.jpg_400w_400h_4e,童装童鞋,演出服,¥97.00,¥74.00
七斓韩版童鞋女童运动鞋春秋季新款皮面透气儿童鞋子女休闲跑步鞋运动休闲鞋支持无理由退换货，品质保障，请放心购买！,https://imgservice2.suning.cn/uimg1/b2c/image/0UQ9Ohcs_olaE7KVVV4ljA.jpg_400w_400h_4e,童装童鞋,演出服,¥73.00,¥80.00
七斓儿童运动鞋女款2022春秋新款女童鞋子皮面小女孩小白鞋中大童男童运动休闲鞋支持无理由退换货，品质保障，请放心购买！,https://imgservice4.suning.cn/uimg1/b2c/image/70PwPMIWvyDJXqmy3D8qeg.jpg_400w_400h_4e,童装童鞋,演出服,¥80.00,¥52.00
七斓女童鞋子2022新款秋冬款中大童加绒保暖冬季小女孩二棉儿童运动鞋运动休闲鞋支持无理由退换货，品质保障，请放心购买！,https://imgservice1.suning.cn/uimg1/b2c/image/G7L3P8wP0cQIVmF1c_dimg.jpg_400w_400h_4e,童装童鞋,演出服,¥120.00,¥50.00
七斓男童鞋子2022冬季新款棉鞋运动鞋皮面防水中大童大棉儿童跑鞋运动休闲鞋支持无理由退换货，品质保障，请放心购买！,https://imgservice2.suning.cn/uimg1/b2c/image/-GQ_2Ks6x_pSu95-d-Ah9Q.jpg_400w_400h_4e,童装童鞋,演出服,¥81.00,¥46.00
七斓1-5岁春秋冬季2022新款皮面儿童运动鞋男童鞋女童鞋宝宝老爹鞋潮运动休闲鞋支持无理由退换货，品质保障，请放心购买！,https://imgservice4.suning.cn/uimg1/b2c/image/O7K0yn2ntz-iet8EY3RAWg.jpg_400w_400h_4e,童装童鞋,演出服,¥110.00,¥48.00
七斓儿童鞋子春秋单鞋2小孩4男童运动鞋3女童宝宝软底学步网鞋1-5岁半运动休闲鞋支持无理由退换货，品质保障，请放心购买！,https://imgservice3.suning.cn/uimg1/b2c/image/B2J-osXMAx33d1SPFlU43g.jpg_400w_400h_4e,童装童鞋,演出服,¥72.00,¥79.00
公牛乐途原创手工真皮女鞋2021秋季新款复古头层牛皮大头娃娃鞋短靴马丁靴官方授权 正品保证 7天无理由退换 全场商品免邮,https://imgservice4.suning.cn/uimg1/b2c/image/TwOHfApbMEjUqAAwATas5w.jpg_400w_400h_4e,箱包鞋靴,男鞋,¥854.00,¥421.00
秋冬季加绒厚底真皮牛皮马丁靴女韩版系带女靴子休闲女学生鞋子 女【标准尺码，脚型偏胖，脚宽，脚长建议选大一码】质量品质保证》送运费险》支持七天无理由退换货,https://imgservice3.suning.cn/uimg1/b2c/image/PZ6GDk1o_hz6_BYISALyiA.jpg_400w_400h_4e,箱包鞋靴,男鞋,¥647.00,¥432.00
公牛乐途2021马丁靴女春秋单靴短靴秋冬季加绒妈妈鞋中年女士粗跟冬鞋女皮鞋子官方授权 正品保证 7天无理由退换 全场商品免邮,https://imgservice4.suning.cn/uimg1/b2c/image/B1HV9cRQ72VwuUQBz8LtOg.jpg_400w_400h_4e,箱包鞋靴,男鞋,¥577.00,¥406.00
公牛乐途2021马丁靴女春秋单靴短靴秋冬季加绒妈妈鞋中年女士粗跟冬鞋女皮鞋子官方授权 正品保证 7天无理由退换 全场商品免邮,https://imgservice4.suning.cn/uimg1/b2c/image/8APmcmyaWFSwQkLBCUJHyA.jpg_400w_400h_4e,箱包鞋靴,男鞋,¥646.00,¥454.00
公牛乐途2021中筒靴长靴真皮中跟高跟秋冬季加厚单鞋羊毛加绒保暖防滑女棉靴子官方授权 正品保证 7天无理由退换 全场商品免邮,https://imgservice2.suning.cn/uimg1/b2c/image/kyI8WYpnhp1ai0WkaKRgbg.jpg_400w_400h_4e,箱包鞋靴,男鞋,¥883.00,¥394.00
公牛乐途2021秋冬季女鞋高跟粗跟中跟短靴单靴防滑真皮加绒保暖皮鞋羊毛女靴子官方授权 正品保证 7天无理由退换 全场商品免邮,https://imgservice2.suning.cn/uimg1/b2c/image/UR0eF1Eko5OsDfCzpkfJNA.jpg_400w_400h_4e,箱包鞋靴,男鞋,¥575.00,¥529.00
公牛乐途长靴女2021春秋新款法式厚底弹力骑士靴高筒过膝瘦瘦靴长筒马丁靴官方授权 正品保证 7天无理由退换 全场商品免邮,https://imgservice5.suning.cn/uimg1/b2c/image/dvHcAY5aCN5VrkZ4z81GGg.jpg_400w_400h_4e,箱包鞋靴,男鞋,¥831.00,¥379.00
公牛乐途马丁靴女2021冬季新款加绒中筒白色厚底烟筒靴切尔西短靴春秋单靴官方授权 正品保证 7天无理由退换 全场商品免邮,https://imgservice2.suning.cn/uimg1/b2c/image/X3lyxqnqRPeUau5CeknnMQ.jpg_400w_400h_4e,箱包鞋靴,男鞋,¥883.00,¥502.00
公牛乐途马丁靴女冬季2021年新款英伦风中筒瘦瘦靴真皮短靴春秋单靴子官方授权 正品保证 7天无理由退换 全场商品免邮,https://imgservice3.suning.cn/uimg1/b2c/image/a96jnQ2i2V2IcVtOrI7RmA.jpg_400w_400h_4e,箱包鞋靴,男鞋,¥596.00,¥600.00
公牛乐途长靴女2021春秋新款厚底英伦风骑士靴中筒高筒长筒靴过膝马丁靴子官方授权 正品保证 7天无理由退换 全场商品免邮,https://imgservice5.suning.cn/uimg1/b2c/image/uapbwabJOqmVTuANjBvQYw.jpg_400w_400h_4e,箱包鞋靴,男鞋,¥592.00,¥562.00
公牛乐途2021兔毛口短靴高跟女鞋加厚羊毛厚底粗跟真皮秋冬季女靴保暖棉靴子女官方授权 正品保证 7天无理由退换 全场商品免邮,https://imgservice3.suning.cn/uimg1/b2c/image/kuBeQmJaycbBYMkt76gLzg.jpg_400w_400h_4e,箱包鞋靴,女鞋,¥717.00,¥479.00
公牛乐途2021冬季女棉鞋真皮女靴子中筒靴加绒羊毛棉靴高跟粗跟大码中跟长筒靴官方授权 正品保证 7天无理由退换 全场商品免邮,https://imgservice4.suning.cn/uimg1/b2c/image/Xz-54tCQCL4GmmdIqkuIrw.jpg_400w_400h_4e,箱包鞋靴,女鞋,¥653.00,¥434.00
公牛乐途2021冬季女靴高跟短靴子加绒粗跟妈妈防滑厚底真皮中女棉鞋加厚羊毛官方授权 正品保证 7天无理由退换 全场商品免邮,https://imgservice5.suning.cn/uimg1/b2c/image/9qXC14pODLLFcLfjs2RmCg.jpg_400w_400h_4e,箱包鞋靴,女鞋,¥816.00,¥352.00
公牛乐途2021冬季女鞋加绒高跟防水台厚底粗跟加厚羊毛中筒靴真皮保暖女士靴子官方授权 正品保证 7天无理由退换 全场商品免邮,https://imgservice5.suning.cn/uimg1/b2c/image/TJhJjSpmi-nRIRjyRDdDkw.jpg_400w_400h_4e,箱包鞋靴,女鞋,¥653.00,¥328.00
公牛乐途2021冬季新款真皮高跟女靴防滑粗跟加绒羊毛里皮靴中筒靴女棉靴子单靴官方授权 正品保证 7天无理由退换 全场商品免邮,https://imgservice1.suning.cn/uimg1/b2c/image/as-07vB5frVT-2JtxlnV6A.jpg_400w_400h_4e,箱包鞋靴,女鞋,¥631.00,¥512.00
公牛乐途2021冬季真皮保暖粗跟厚底高筒靴子长筒过膝靴女中跟高跟加绒加厚羊毛官方授权 正品保证 7天无理由退换 全场商品免邮,https://imgservice2.suning.cn/uimg1/b2c/image/nk--kN2-vJwA4jZhW99oWQ.jpg_400w_400h_4e,箱包鞋靴,女鞋,¥556.00,¥335.00
公牛乐途2021冬季真皮女靴坡跟短靴内增高棉靴防滑平底中筒靴子加绒棉皮鞋单靴官方授权 正品保证 7天无理由退换 全场商品免邮,https://imgservice3.suning.cn/uimg1/b2c/image/xhCrbYac_SHZ-J-wkvwqtw.jpg_400w_400h_4e,箱包鞋靴,女鞋,¥739.00,¥390.00
公牛乐途2021秋冬季女鞋加绒高跟防水台厚底粗跟中跟羊毛中筒靴真皮保暖单靴子官方授权 正品保证 7天无理由退换 全场商品免邮,https://imgservice3.suning.cn/uimg1/b2c/image/A75D0jqlAPxYy3n6JaRU_g.jpg_400w_400h_4e,箱包鞋靴,女鞋,¥508.00,¥356.00
公牛乐途2021秋冬季女鞋真皮羊毛里厚底粗跟加绒女士高跟马丁靴女棉鞋短靴单靴官方授权 正品保证 7天无理由退换 全场商品免邮,https://imgservice2.suning.cn/uimg1/b2c/image/R9MmbsxFUtL13Jb9KVVlMg.jpg_400w_400h_4e,箱包鞋靴,女鞋,¥628.00,¥437.00
公牛乐途2021秋冬季真皮短靴女粗跟厚底高跟圆头加绒羊毛棉靴单靴网红马丁靴女官方授权 正品保证 7天无理由退换 全场商品免邮,https://imgservice1.suning.cn/uimg1/b2c/image/jiQvDQbfJrfXyL6WP7eruw.jpg_400w_400h_4e,箱包鞋靴,女鞋,¥850.00,¥512.00
公牛乐途2021秋冬季真皮过膝靴长靴平跟单靴加厚绒羊毛里高筒防滑大码长筒靴女官方授权 正品保证 7天无理由退换 全场商品免邮,https://imgservice2.suning.cn/uimg1/b2c/image/u27Q__Ftm0biruEIWB69Hg.jpg_400w_400h_4e,箱包鞋靴,旅行箱,¥606.00,¥323.00
公牛乐途2021秋冬季防滑真皮羊毛女靴女士中筒靴高跟中单皮靴马靴妈妈棉靴子官方授权 正品保证 7天无理由退换 全场商品免邮,https://imgservice3.suning.cn/uimg1/b2c/image/fMk4RS7_6FCpYrlqPSCQ8g.jpg_400w_400h_4e,箱包鞋靴,旅行箱,¥844.00,¥540.00
公牛乐途2021秋冬真皮女靴过膝长靴女款保暖高筒靴子高跟长筒棉靴粗跟厚底棉鞋官方授权 正品保证 7天无理由退换 全场商品免邮,https://imgservice4.suning.cn/uimg1/b2c/image/oFkeaxdi9SIOEYlLR7K8tA.jpg_400w_400h_4e,箱包鞋靴,旅行箱,¥853.00,¥596.00
公牛乐途2021秋冬真皮高跟厚底女靴防滑粗跟皮靴单靴加绒羊毛里中筒靴女棉靴子官方授权 正品保证 7天无理由退换 全场商品免邮,https://imgservice5.suning.cn/uimg1/b2c/image/rF6CIMnfShl7pkJzOTDBdA.jpg_400w_400h_4e,箱包鞋靴,旅行箱,¥858.00,¥361.00
公牛乐途2021长靴高筒羊毛中大棉靴子女冬靴平底中筒靴厚底大码真皮长筒防滑官方授权 正品保证 7天无理由退换 全场商品免邮,https://imgservice5.suning.cn/uimg1/b2c/image/-par-Kw4SnU6qWNNSR7HCg.jpg_400w_400h_4e,箱包鞋靴,旅行箱,¥519.00,¥422.00
公牛乐途2021靴子女秋冬季高跟长靴女单靴高筒骑士靴加绒加厚羊毛保暖真皮棉靴官方授权 正品保证 7天无理由退换 全场商品免邮,https://imgservice1.suning.cn/uimg1/b2c/image/kmegH754RnKQ7ihizXj5Ew.jpg_400w_400h_4e,箱包鞋靴,旅行箱,¥679.00,¥561.00
公牛乐途2021年新款秋冬英伦风增高机车短靴真皮松糕厚底轻便马丁靴女官方授权 正品保证 7天无理由退换 全场商品免邮,https://imgservice2.suning.cn/uimg1/b2c/image/LI33-z8aku2bi6sfYJe4mg.jpg_400w_400h_4e,箱包鞋靴,旅行箱,¥685.00,¥333.00
公牛乐途2021年新款秋冬英伦风大头娃娃短靴厚底复古手工真皮马丁靴女官方授权 正品保证 7天无理由退换 全场商品免邮,https://imgservice3.suning.cn/uimg1/b2c/image/kVq2DEZyIxf1SCtCvLoWjg.jpg_400w_400h_4e,箱包鞋靴,旅行箱,¥614.00,¥568.00
公牛乐途2021年秋季新款真皮平底不规则个性短靴手工软底系带马丁靴女官方授权 正品保证 7天无理由退换 全场商品免邮,https://imgservice3.suning.cn/uimg1/b2c/image/HC6FjufPUIijduxjwACNKw.jpg_400w_400h_4e,箱包鞋靴,旅行箱,¥670.00,¥322.00
公牛乐途2021秋季新款复古休闲马丁靴皮带扣头层牛皮厚底松糕女鞋短靴官方授权 正品保证 7天无理由退换 全场商品免邮,https://imgservice4.suning.cn/uimg1/b2c/image/VNerIdJD7WFZ9aaxXWRT-Q.jpg_400w_400h_4e,箱包鞋靴,旅行箱,¥651.00,¥421.00
